id,arcana,suit,number,name_ja,name_en,element,polarity,yes_no_upright,yes_no_reversed,timing,themes,keywords_upright,keywords_reversed,core_upright,core_past,core_present,core_future,interpretation_upright,angel_upright,action_upright,core_reversed,interpretation_reversed,angel_reversed,action_reversed,image,single_essence_upright,single_focus_upright,single_direction_upright,single_essence_reversed,single_focus_reversed,single_direction_reversed,three_essence_upright,three_essence_reversed
major_0,major,,0,愚者,The Fool,風,陽,Yes寄り,No寄り,早い,始まり|挑戦|自由,始まり|自由|信頼|冒険|直感|純粋|未知|可能性|解放|流れ,無計画|軽率|迷い|不安|停滞|恐れ|判断不足|逃避|不安定|慎重,"あなたは今、地図のない旅に招かれています。
その「わからなさ」こそが、あなたを本当の自分へと連れて行く扉です。",これまで、常識や枠にとらわれず、自分の感覚を信じて選択してきた流れがありました。,今は、先の保証がなくても一歩を選べる地点に立ち、可能性が大きく開かれています。,軽やかな選択を重ねることで、新しい展開が自然と動き出していくでしょう。,知識より好奇心を。計画より感覚を。あなたが「まだ準備できていない」と感じている理由は、準備が足りないからではなく、魂が「今すぐ動け」と言っているからです。,一歩踏み出す瞬間、見えなかった道が足元に現れます。怖さは消えなくていい。怖いまま、行きましょう。,今日、「小さな初めて」をひとつ選んでください。誰にも言わなくていい、あなただけの新しい一歩。,"「失敗したら」という言葉があなたの足首を掴んでいます。
その恐れは本物ですか？それとも、慎重さが違う顔をしているだけですか？",無謀さと勇気は違います。今のあなたには、もう少しだけ「地に足をつける」時間が必要かもしれません。焦らなくていい。,立ち止まることも、れっきとした選択です。今日は動かないことで守られる場所があります。,今日は決断を一晩置いてみてください。朝の自分が何を感じるか、確かめて。,major/00_Fool,新しい流れの入り口に立っています。,先の保証より、心が惹かれている感覚をどう感じているか。怖さを理由に、好奇心を抑えていないか。,小さな初めてを一つ選んでみて。完璧でなくても大丈夫です。,足元を確かめる必要があります。,勢いだけで進もうとしていないか。不安を無視していないか。,急がず一度立ち止まって。慎重さも大切な選択です。,新しい可能性へ向かっています。,準備不足を見直す段階にあります。
major_1,major,,1,魔術師,The Magician,風,陽,Yes,No,早い,創造|意志|始動,意志|創造|集中|表現|才能|行動|実行|始まり|言葉|力,迷い|空回り|未熟|自信不足|分散|誤用|焦り|過信|操作|不誠実,"あなたに必要なものは、すでにあなたの手の中にあります。
足りないのは道具ではなく、「使い始める」という決断です。",これまで、可能性やアイデアを内側で温め続けてきた流れがありました。,今は、意志を定め、一点に集中して動き始める地点にいます。,行動を重ねることで、自分の力を実感しながら流れを創っていくでしょう。,才能は使われるのを待っています。アイデアは動かされるのを待っています。今のあなたには、考え続けることより、試し始めることの方が答えに近い。,今日から始まります。完璧じゃなくていい。動くほどに、力は本物になっていきます。,頭の中のアイデアを、今日一行でいいので書き出してください。形にする第一歩は、必ず小さい。,"力はあるのに、空回りしている。
その焦りの奥に「本当は何がしたいのか」という問いが隠れています。",方向が定まらないと、どれだけ動いても前に進んだ感覚が得られません。今は「多く動く」より「軸を決める」ことが先です。,焦らなくていい。あなたの力は消えていません。ただ、方向を変える時が来ているのです。,今日は動く前に、「本当にやりたいこと」を紙に一つだけ書いてみてください。,major/01_Magician,自分の力を使い始めるときです。,すでに持っているものを、正しく見ているか。足りないと思い込んで、行動を止めていないか。,今できることから一つ形にしてみて。始めることで流れが整います。,力をうまく使えていません,自信のなさや迷いが、行動を止めていないか。,意図を整理してから動いてみて。焦らなくて大丈夫です。,現実化へ向かっています。,方向性の再確認が必要です。
major_2,major,,2,女教皇,The High Priestess,水,陰,保留,No,ゆっくり,内省|直感|静けさ,直感|沈黙|洞察|内面|神秘|受容|気づき|真実|感覚,混乱|疑念|閉鎖|不安|無視|鈍感|思い込み|遮断|逃避|不信,"あなたの内側が、すでに答えを知っています。
静かになれば、その声は聞こえてくる。",これまで、心の奥で感じていながら言葉にできない想いを抱えてきた背景があります。,今は、表に出す前に、内側で理解を深める必要がある地点にいます。,内なる声を信頼することで、迷いは次第に晴れていくでしょう。,外の世界が騒がしい時ほど、内側の声が道を示します。今のあなたに必要なのは、もっと情報を集めることではなく、すでに知っていることを信じることです。,直感は嘘をつきません。あなたが「なんとなく感じている」そのことが、正解です。,今日、誰かに相談する前に、自分の心に先に聞いてみてください。「私はどうしたい？」と。,"誰かの言葉で、自分の感覚が見えなくなっていませんか？
答えは外にはありません。",情報が多すぎて混乱している状態です。人の意見や正解を探し続けても、あなたの心の声はどんどん小さくなります。,静けさの中に戻っておいで。あなたの感覚は正しい。ただ、雑音に埋もれているだけです。,今日は30分だけ、SNSもニュースも見ない時間を作ってください。その静けさに、答えがあります。,major/02_High_Priestess,内なる声満たし育てる流れの中にいます。が強まっています。,外の意見より、自分の直感をどう扱っているか。感じている違和感を、無視していないか。,答えを急がず静かな時間を取ってみて。気づきは自然に現れます。,感覚が揺らぎやすいときです。,不安や雑音に、本心を覆われていないか。,静かな時間を取り戻して。答えは急がなくて大丈夫です。,内面の理解へ向かっています。,内面の混乱を整える必要があります。
major_3,major,,3,女帝,The Empress,地,陰,Yes,Yes,ゆっくり,豊かさ|育む|愛,愛|受容|豊穣|創造|母性|安心|美|循環|成長,依存|怠惰|過保護|停滞|浪費|甘え|不安定|不足感|鈍化|偏り,"あなたが与えているものは、宇宙が見ています。
その豊かさは、あなた自身の内側から溢れ出るものです。",これまで、誰かを支えたり、育てる役割を大切にしてきた流れがありました。,今は、自分自身にも愛とゆとりを注ぐ必要がある地点にいます。,満たされた状態から、新しい実りが自然と生まれていくでしょう。,育てる力が最高潮に達しています。人を、夢を、自分自身を。あなたの存在が周りを温め、豊かさを生み出しています。受け取ることを自分に許してください。,あなたは十分に与えています。今日は「受け取る」番です。豊かさはあなたのものです。,今日は自分を甘やかす選択を一つしてください。好きなものを食べる、ゆっくり眠る、美しいものを見る。,"与えすぎて、自分が空になっていませんか？
愛することと、消耗することは違います。",境界線が薄くなっています。人のために頑張りすぎて、自分自身の豊かさが枯れ始めているかもしれません。,あなたが自分を大切にしてはじめて、本当の意味で人を愛せます。今日は自分の番です。,誰かのためではなく、今日だけは「自分だけのための」時間を30分確保してください。,major/03_Empress,満たし育てる流れの中にいます。,与えることばかりで、自分の心地よさを後回しにしていないか。,自分が喜ぶ選択を一つ増やしてみて。豊かさは自然に循環します。,満たされにくさを感じやすいときです。,与えすぎて、自分を後回しにしていないか。,自分を満たすことを優先して。休むことも大切です。,豊かさと成長へ向かっています。,バランス調整を求めています。
major_4,major,,4,皇帝,The Emperor,火,陽,Yes,No,ゆっくり,安定|秩序|責任,統率|構築|責任|基盤|安定|実行|現実|守る|決断,硬直|支配|頑固|恐れ|圧迫|独善|不安定|拒絶|混乱|防衛,"あなたには今、揺るぎない軸を立てる力があります。
感情に流されず、現実を動かす時です。",これまで、守るべき役割や責任を背負ってきた背景があります。,今は、揺らがない軸を定め、現実を整える地点にいます。,安定した基盤の上で、物事が着実に進展していくでしょう。,責任を引き受けることが、あなたの力を本物にします。感情ではなく意志で動く。その選択が、周囲に安心をもたらします。,あなたの決断が、人を守ります。迷わなくていい。あなたはすでに、必要な力を持っています。,今日は「やると決めたこと」を一つ、完了させてください。小さくていい。完了することが力になります。,"支配しようとすればするほど、あなたの手から大切なものが離れていきます。
力とは、握りしめるものではなく、与えるものです。",頑固さが、柔軟性を奪っています。「こうあるべき」という枠が強すぎて、現実が見えなくなっているかもしれません。,強さの中に、やわらかさを。あなたには、人の話を聞く耳と心があります。今こそ使って。,今日は、自分と意見が違う人の話を最後まで聞いてみてください。反論しないで、ただ聞く。,major/04_Emperor,土台を整えるときです。,安定を守るために、無理を抱え込みすぎていないか。,責任を一人で背負わなくて大丈夫。整えることで余裕が生まれます。,力が硬くなりすぎています。,不安から、支配的になっていないか。,誰かに任せてみて。一人で背負わなくて大丈夫です。,安定と構築へ向かっています。,柔軟さを取り戻す段階です。
major_5,major,,5,教皇,The Hierophant,地,陽,Yes,保留,ゆっくり,学び|価値観|伝統,教え|信念|指針|理解|精神性|秩序|共有|知恵|導き,形式|盲信|硬直|依存|保守|疑念|拒絶|混乱|反発|閉塞,"あなたが守ってきた信念や価値観が、今、意味を持ち始めています。
その「変えなかったもの」こそが、あなたの強みです。",これまで、誰かから学び、導きを受ける流れが続いていました。,今は、自分なりの信念として整理し直す地点にいます。,確かな価値観が、これからの選択を支えていくでしょう。,伝統・信頼・つながり。長い時間をかけて積み上げてきたものが、今花開こうとしています。誰かに教える、誰かを導く、その役割があなたには自然に備わっています。,あなたの言葉には重みがあります。その言葉を必要としている人が、今そばにいます。,今日は、誰かに感謝の言葉を届けてください。手書きでも、一言でも。あなたの言葉は届きます。,"型にはまりすぎて、本音が言えなくなっていませんか？
「正しいこと」より「本当のこと」を話す勇気を。",慣習や権威に縛られ、自分らしさを失いかけています。「こうしなければ」という枠が、あなたの本音を黙らせています。,ルールより、あなたの心の声を信じてください。本当のことを言う時が来ています。,今日は「建前」をやめて、誰か一人に本音を伝えてみてください。,major/05_Hierophant,価値観を確かめ直すときです。,これまで学んできたことを、どう受け取っているか。自分の言葉にできているか。,学びを日常に落とし込んでみて。指針はすでにあります。,価値観が揺れています。,外の正解に縛られ、自分の感覚を置き去りにしていないか。,自分の言葉で確かめ直してみて。疑問を持って大丈夫です。,理解と指針へ向かっています。,信念の再構築が必要です。
major_6,major,,6,恋人,The Lovers,風,陽,Yes,No,早い,選択|結び|愛,選択|結合|調和|関係性|愛|共鳴|決断|価値観|一致,迷い|葛藤|不一致|依存|誘惑|優柔不断|分裂|誤選択|逃避|混乱,"今、あなたの前に「選ぶ」という贈り物が置かれています。
その選択が、あなたが何を愛しているかを教えてくれます。",これまで、いくつかの選択肢の間で揺れ動く流れがありました。,今は、自分の本心に正直な決断を求められる地点にいます。,誠実な選択が、人との絆や道筋を明確にしていくでしょう。,心が動いている。その感覚を信じてください。恋愛だけでなく、人生のあらゆる選択において、あなたの「好き」という感覚が羅針盤になる時です。,あなたが本当に望んでいることを、選んでください。誰かのためではなく、あなた自身のために。,今日、「好き」か「嫌い」かだけで一つ選択してみてください。理由はいらない。,"心と頭が別々の方向を向いていませんか？
「正しい選択」より「本当にしたい選択」を。",葛藤しているのは、あなたが真剣だから。でも、どちらが本音かは、もうわかっているはずです。,迷っている時間は、あなたをすり減らします。心の奥の答えを、そろそろ信じてあげて。,今日は紙に「本当は何をしたいか」を書いてみてください。誰にも見せなくていい。,major/06_Lovers,本心に沿った選択が求められています。,どちらが正しいかより、何を大切にしたいか。気持ちをごまかしていないか。,心に正直な選択を意識してみて。誠実さが調和を生みます。,選択に迷いが出ています。,本音を避けて、決断を先延ばしにしていないか。,急いで決めなくて大丈夫。気持ちを整理してみて。,選択と結びつきへ向かっています。,不一致を調整する段階です。
major_7,major,,7,戦車,The Chariot,水,陽,Yes,No,早い,前進|意志|突破,前進|意志|勝利|集中|行動|突破|制御|決断|推進力,暴走|空回り|衝突|焦り|分裂|迷走|強引|疲弊|混乱|失速,"止まらなくていい。今のあなたには、前に進む力があります。
その意志が、道を切り開きます。",これまで、進みたい気持ちと不安の間で揺れる流れがありました。,今は、意志を一点に集中させ、行動へと移す地点にいます。,覚悟を持って進むことで、停滞は突破されていくでしょう。,障害は壁ではなく、通過点です。あなたが向かっている方向は正しい。感情と理性を両輪にして、全力で進む時です。,あなたには、勝ち抜く力があります。諦めなかったあなたが、今ここにいます。前へ。,今日、一番後回しにしているタスクに最初に手をつけてください。動き始めれば、流れが変わります。,"スピードを上げすぎて、大切なものを置いてきていませんか？
早さより、方向が問われています。",突進するほどに、周囲との軋轢が生まれます。力を持ちながら、うまく使えていない状態です。,止まることは、負けではありません。向きを確認するための休憩です。,今日は、「なぜこれをやっているのか」を5分だけ考えてみてください。方向を確かめてから、動く。,major/07_Chariot,前に進む力が高まっています。,進みたい方向は明確か。感情に振り回されていないか。,決めた道を信じて一歩進んでみて。勢いは味方になります。,勢いが空回りしやすいときです。,進む理由が、曖昧になっていないか。,一度立ち止まって方向を確認して。休んでも大丈夫です。,前進と突破へ向かっています。,軌道修正を求めています。
major_8,major,,8,力,Strength,火,陰,Yes,保留,ゆっくり,内なる力|受容|勇気,内なる力|優しさ|忍耐|調和|受容|勇気|信頼|統合|穏やか,抑圧|無力感|自己否定|恐れ|感情過多|消耗|不安定|苛立ち|過剰制御|疲労,"本当の強さとは、押さえつけることではなく、抱きしめることです。
あなたの優しさが、最大の力です。",これまで、強くあろうとして無理を重ねてきた背景があります。,今は、内側の力を信頼し、感情と調和する地点にいます。,穏やかな姿勢を保つことで、困難は次第に和らいでいくでしょう。,勇気と柔らかさが共存している時です。怖れを感じながらも、それを乗り越えようとしているあなたの姿勢が、周囲に静かな力を与えています。,あなたの穏やかさは弱さではありません。それは、誰にでも持てるわけではない、本物の強さです。,今日、何か怖いと感じていることを、そっと一歩だけ近づいてみてください。勇気は小さくていい。,"自分の本能や感情を、押さえすぎていませんか？
抑えれば抑えるほど、内側で大きくなっていきます。",コントロールしようとする力が、むしろ自分を疲弊させています。感情は敵ではなく、メッセンジャーです。,感じていることを、感じていいんです。それを認めることが、本当の強さへの第一歩です。,今日は、「〜しなければ」という言葉を「〜したい」に変えて読んでみてください。どう変わりますか？,major/08_Strength,優しさが本当の力になります。,強くあろうとして、感情を抑え込みすぎていないか。,自分に思いやりを向けてみて。穏やかさが状況を整えます。,自信を失いやすいときです。,感情を抑え込み、無理をしていないか。,心を緩めて。強くなくて大丈夫です。,内なる調和へ向かっています。,自己受容を必要としています。
major_9,major,,9,隠者,The Hermit,地,陰,保留,No,ゆっくり,探求|内省|導き,内省|探求|知恵|静寂|成熟|洞察|真理|導き|理解,孤立|停滞|閉塞|迷い|拒絶|悲観|引きこもり|分断|恐れ|疑念,"あなたは今、孤独ではなく「一人になる必要」がある段階にいます。
その静けさの中に、次の光があります。",これまで、答えを外に求めて動き続けてきた流れがありました。,今は、内側の声を確かめるために立ち止まる地点にいます。,内なる知恵に従うことで、次の道筋が静かに照らされるでしょう。,深く考える時間が、答えを連れてきます。集団から離れることが、今のあなたには必要な栄養です。内省の先に、確信が生まれます。,光は、静かな場所で灯ります。今日のひとり時間は、未来への種まきです。,今日は30分、完全に一人になれる時間を作ってください。音楽もスマホもなし。ただ、自分と向き合う。,"孤立と孤独は違います。
今のあなたには、誰かとつながることの勇気が必要です。",引きこもることで自分を守ろうとしていますが、それが逆に孤立感を深めています。助けを求めることは弱さではありません。,誰かに話してみて。あなたが思っているより、受け入れてくれる人がいます。,今日、信頼できる人に連絡を一つだけしてみてください。近況を伝えるだけでいい。,major/09_Hermit,内省の時間が必要です。,答えを外に求めすぎていないか。自分の声を聞いているか。,一人の時間を大切にしてみて。内側の光が道を照らします。,考えすぎて閉じこもりやすいときです。,一人で抱え込み、視野が狭くなっていないか。,信頼できる人と話してみて。光は外にもあります。,探求と理解へ向かっています。,孤立から抜け出す必要があります。
major_10,major,,10,運命の輪,Wheel of Fortune,火,陽,Yes,保留,変化,転機|循環|流れ,転機|循環|運命|変化|流れ|チャンス|展開|節目|必然,停滞|不運|混乱|抵抗|不安|停留|拒絶|恐れ|翻弄|流される,"巡り、巡って、今ここに辿り着きました。
この瞬間は偶然ではなく、流れの必然です。",これまで、同じパターンや流れを繰り返してきた背景があります。,今は、運命の転換点に立ち、変化を受け取る地点にいます。,巡り合わせによって、思いがけない展開が開かれていくでしょう。,変化の波があなたのそばに来ています。それに乗るか抗うかは選べますが、波が来ていること自体は宇宙の意思です。タイミングを信じてください。,今始まるものは、あなたにとって必要なものです。流れに乗りましょう。,今日、「ずっと気になっていたこと」を一つ始めてみてください。タイミングは、今です。,"流れに逆らって消耗しています。
「抵抗」ではなく「受け入れ」から、次の扉が開きます。",運の流れが滞っているように感じているかもしれません。でも、それは止まっているのではなく、方向を変えようとしているサインです。,今は嵐の中。でも嵐は必ず過ぎます。今日はただ、耐えるのではなく、流れに任せてみて。,今日は「コントロールできないこと」のリストと「できること」のリストを分けて書いてみてください。,major/10_Wheel_of_Fortune,流れが切り替わるときです。,変化を、自分で止めようとしていないか。巡りを信頼できているか。,流れに身を任せてみて。必要な展開は自然に訪れます。,流れが停滞しやすいときです。,変化を恐れて、同じ場所に留まろうとしていないか。,無理に動かなくて大丈夫。今は様子を見る選択もあります。,転機と展開へ向かっています。,停滞を見直す段階にあります。
major_11,major,,11,正義,Justice,風,陰,Yes,No,ゆっくり,公平|真実|選択,公平|真実|判断|責任|バランス|誠実|因果|選択|明確,偏り|不正|自己正当化|迷い|曖昧|逃避|歪み|責任回避|不均衡|混乱,"あなたが今感じている「正しさ」は、本物です。
その感覚を、行動に移してください。",これまで、選択の結果や責任と向き合う場面が続いていました。,今は、真実を受け止め、判断を下す地点にいます。,正直な選択が、長期的なバランスをもたらすでしょう。,公平さ・誠実さ・バランス。今、物事が正しく評価される時です。あなたの判断を信じてください。曖昧にしていたことを、はっきりさせる時が来ています。,真実は、必ず明らかになります。あなたが正直でいることが、最大の力です。,今日、曖昧にしていた決断を一つ、明確にしてください。白か黒か決める。それだけで流れが動きます。,"誰かを裁きながら、自分自身を裁いていませんか？
公平さは、自分にも向けるものです。",不公平感や、罪悪感が心を重くしています。「本当に自分が悪いのか」を冷静に問い直してみてください。,自分を責めすぎないで。あなたはベストを尽くしてきました。それで十分です。,今日は「自分を赦す」練習をしてみてください。過去の失敗に、「お疲れ様」と言ってあげて。,major/11_Justice,真実と向き合うときです。,感情よりも、事実をどう見ているか。自分にとって都合のいい解釈に偏っていないか。,公平な視点で整理してみて。誠実さは状況を整えます。,判断が揺らぎやすいときです。,感情や偏りが、事実を曇らせていないか。,情報を整理してから考えてみて。急ぐ必要はありません。,判断とバランスへ向かっています。,不均衡を整える必要があります。
major_12,major,,12,吊るされた男,The Hanged Man,水,陰,保留,No,ゆっくり,手放し|受容|転換,受容|手放し|視点転換|忍耐|犠牲|内省|理解|静止|再評価,停滞|我慢|犠牲過多|諦め|被害者意識|消耗|拒絶|閉塞|無力感|疲労,"逆さまから見える景色が、あなたに新しい世界を見せています。
今は「動かない」ことが最も深く動いている時です。",これまで、前に進もうとして努力を重ねてきた背景があります。,今は、状況を違う角度から見直すための静止点にいます。,理解が深まることで、自然と次の動きが見えてくるでしょう。,思い通りにならない今の状況は、罰ではなく準備です。立ち止まることで見えてくる視点が、次の突破口を作ります。,今は浮かぶ雲を眺める時。答えは焦らなくても、あなたのもとに来ます。,今日は「何もしない」選択をひとつ加えてください。解決しようとしないで、ただ感じる時間を。,"待てない焦りが、あなたを消耗させています。
「もうすぐ動ける」という信頼を、自分に向けてみて。",無駄な犠牲を強いられていると感じているなら、それは本当にそうかもしれません。手放すべきものがあります。,解放の時が来ています。あなたを縛っているものの名前を、今日呼んでみて。,今日は「もういい」と思っていることを一つ、手放す準備をしてください。,major/12_Hanged_Man,立ち止まることに意味があります。,無理に進もうとして、違和感を無視していないか。視点を変える余地はあるか。,一度力を抜いてみて。止まることで理解が深まります。,我慢が長引いています。,必要以上に耐え続けていないか。手放せるものはないか。,休息を優先して。耐えることだけが選択ではありません。,受容と転換へ向かっています。,停滞からの解放を求めています。
major_13,major,,13,死神,Death,水,陰,No,Yes,変化,終焉|再生|転換,終焉|手放し|再生|変容|区切り|浄化|移行|刷新|必然,抵抗|執着|恐れ|拒絶|停滞|未練|否定|回避|不安|混乱,"終わりは、始まりの別名です。
今手放すことで、あなたは次の自分になれます。",これまで、役目を終えた関係や状況を抱え続けてきた背景があります。,今は、明確な区切りをつけるための転換点にいます。,手放しの先に、新しい始まりが自然と訪れるでしょう。,変容の時が来ています。怖れなくていい。これは滅びではなく、脱皮です。古い自分が亡くなることで、本当のあなたが生まれます。,手放した先に、あなたが本当に望んでいたものが待っています。,今日、もう使っていないもの・もう必要のないものを一つ手放してください。物でも、関係でも、習慣でも。,"変化を恐れて、終わるべきものにしがみついていませんか？
完璧な終わり方など、ありません。",変わることへの恵まれを、変わる必要がないと勘違いしていませんか？ 変化を引き延ばすほど、その痛みは大きくなります。,怖くて当然。でも、今あなたに必要なのは「始める勇気」より「終わらせる勇気」です。,今日、終わらせるべきことに「ありがとう」と言ってみてください。感謝して、手放す。,major/13_Death,終わりと切り替えのときです。,役目を終えたものに、執着していないか。手放す準備は整っているか。,区切りを受け入れてみて。新しい段階が静かに始まります。,変化を避けやすいときです。,終わりを認めず、執着していないか。,少しずつ手放してみて。急がなくて大丈夫です。,再生と移行へ向かっています。,切り替えの準備段階です。
major_14,major,,14,節制,Temperance,火,陰,Yes,保留,ゆっくり,調和|統合|癒し,調和|統合|バランス|循環|癒し|中庸|適応|柔軟|融合,偏り|過剰|不調和|無理|停滞|分断|焦り|不安定|極端|乱れ,"急がなくていい。
あなたは今、二つのものを一つにしている最中です。",これまで、どちらかに偏りやすい選択を重ねてきた背景があります。,今は、調整と癒しを通して全体を整える地点にいます。,穏やかな統合が進み、心身ともに安定した流れが育っていくでしょう。,調和・バランス・統合。正反対に見えるものが、実は補い合っています。今のあなたには、急いで結論を出すより、じっくりと混ぜ合わせる時間が必要です。,あなたのペースが正しいペースです。焦らず、丁寧に。それがあなたの力です。,今日は「対立していると思っている二つのこと」を紙に書いて、共通点を探してみてください。,"バランスが崩れているサインです。
どちらかに偏りすぎていませんか？",節度を失っている状態です。過度な働きすぎ、食べすぎ、怠けすぎ。何かが極端になっていませんか？,中庸に戻っておいで。あなたが一番輝くのは、ほどよいバランスの中です。,今日は「やりすぎていること」を一つ半分にしてみてください。それだけで楽になります。,major/14_Temperance,調和を取り戻すときです。,極端に偏っていないか。心と状況のバランスは保てているか。,無理のない配分を意識してみて。穏やかさが整えます。,バランスが崩れやすいときです。,やりすぎや不足に、気づいているか。,ペースを落として調整してみて。中庸が助けになります。,統合と癒しへ向かっています。,調整を必要としています。
major_15,major,,15,悪魔,The Devil,地,陰,No,Yes,停滞,束縛|執着|影,執着|束縛|欲望|依存|影|恐れ|固定観念|誘惑|支配,解放|自覚|手放し|自立|気づき|距離|回復|再選択|自由|浄化,"見えない鎖に気づいてください。
あなたを縛っているものの正体は、思っているより小さいかもしれません。",これまで、不安や欲求に引きずられる関係や状況が続いていました。,今は、依存や固定観念に気づき、距離を取る地点にいます。,自覚と手放しによって、自由な選択肢が少しずつ戻ってくるでしょう。,依存・執着・物質への囚われ。でも気づいてください：鎖の錠前は開いています。あなたはいつでも選び直せます。,解放は、突然ではなく、気づいた瞬間に始まります。今日、あなたは気づいた。,今日、「やめたいのにやめられないこと」を一つ紙に書いてください。名前をつけることが、自由への第一歩。,"解放が始まっています。
今あなたを縛っていたものから、少しずつ自由になれます。",長い間囚われていたものから抜け出す力が戻ってきています。欲望や恐れが薄れ、本当の自分が見えてきます。,あなたは変われます。変わりたいと思った、その瞬間から、すでに変わり始めています。,今日、「もう手放す」と心の中で宣言してください。声に出さなくていい。決めるだけでいい。,major/15_Devil,今は、執着に気づくときです。,恐れや欲望に、行動を縛られていないか。それは本当に必要か。,一つ距離を取ってみて。気づきが解放の始まりです。,解放の兆しが見えています。,縛っていたものに、気づき始めているか。,距離を取り直してみて。選び直す力はあります。,自覚と解放へ向かっています。,解放と回復へ向かっています。
major_16,major,,16,塔,The Tower,火,陽,No,Yes,急展開,崩壊|解放|衝撃,崩壊|真実|解放|衝撃|目覚め|刷新|転換|覚醒|変革,拒絶|混乱|恐怖|抵抗|防衛|動揺|不安定|回避|破壊|混迷,"崩れているものは、本当に必要なものではありませんでした。
この衝撃の後に残るものが、あなたの本物の土台です。",これまで、不安定な基盤の上に物事を積み重ねてきた背景があります。,今は、古い構造が崩れ、真実と向き合う転換点にいます。,不要なものが一掃され、新しい基盤が再構築されていくでしょう。,突然の変化や崩壊。でもこれは破壊ではなく、不要なものの撤去です。偽りの上に建てられたものは、遅かれ早かれ崩れます。今崩れたのは、正しいタイミングです。,恐れないで。瓦礫の下には、まだあなたが守られる場所があります。,今日は何もしなくていい。ただ、今起きていることを受け入れることに集中してください。,"表面的には静かに見えても、内側で何かが限界に近づいています。
早めに気づいて、手を打てる段階です。",大きな崩壊を避けるために、今のうちに小さな見直しを。または、すでに崩れた後の恐怖から抜け出せずにいる状態かもしれません。,もう最悪の瞬間は過ぎています。今いる場所から、再び立てます。,今日、「もし最悪になったら何をするか」を一つだけ考えておいてください。準備が安心を生みます。,major/16_Tower,前提が崩れるときです。,壊れた事実から、目を逸らしていないか。何が真実として残っているか。,安全を確保して深呼吸を。崩壊は再構築の始まりです。,変化を避けようとしています。,壊れることへの恐れが、現実を否定していないか。,小さな変化から受け入れてみて。安全を最優先で。,刷新と目覚めへ向かっています。,変化への抵抗を和らげる段階です。
major_17,major,,17,星,The Star,風,陰,Yes,保留,ゆっくり,希望|癒し|回復,希望|癒し|回復|信頼|再生|光|導き|安心|静寂,失望|不安|疑念|悲観|枯渇|無力感|閉塞|諦め|疲弊|影,"嵐の後に、星は輝きます。
あなたへの希望は、消えていませんでした。ずっとそこにありました。",これまで、困難や喪失を経て心が疲れてきた背景があります。,今は、回復と癒しを受け取り、信頼を取り戻す地点にいます。,穏やかな希望が育ち、前に進む力が静かに戻ってくるでしょう。,癒し・希望・再生。傷ついた心が、静かに回復している時です。信じることを諦めないでください。あなたの願いは、宇宙に届いています。,望んでいいんです。夢みていいんです。あなたの希望は、現実になる途中です。,今日、「本当に望んでいること」を一つだけ声に出して言ってください。宇宙は聞いています。,"希望を信じることが怖くなっていませんか？
傷ついた経験が、夢を見ることを怖れさせています。",失望の後の無力感。でもそれは、あなたが本気で望んでいた証拠です。期待することを捨てないでください。,傷ついた心が、少しずつ治っています。急がなくていい。星はまだそこにあります。,今日は、小さな「きれいなもの」を一つ見つけてください。空でも花でも、コーヒーの湯気でも。,major/17_Star,希望が静かに戻っています。,回復を急ぎすぎていないか。小さな安心に気づけているか。,安心できる時間を大切にしてみて。信頼は少しずつ育ちます。,希望を信じにくいときです。,回復を急ぎすぎて、疲れていないか。,期待を下げて休んでみて。光は消えていません。,癒しと回復へ向かっています。,信頼を取り戻す途中です。
major_18,major,,18,月,The Moon,水,陰,保留,No,ゆっくり,不安|無意識|揺らぎ,不安|無意識|揺らぎ|幻想|感情|直感|影|曖昧|感受性,混乱|恐怖|誤解|不信|迷走|錯覚|不安定|依存|逃避|閉塞,"見えないものが、あなたを導いています。
今は「わからない」ことを、怖れないでください。",これまで、曖昧な状況や感情に揺さぶられる流れが続いていました。,今は、不安の正体を静かに見つめる地点にいます。,感情の波を越えることで、次第に輪郭がはっきりしてくるでしょう。,幻想・直感・隠された真実。物事の全貌がまだ見えていない状態です。でもだからこそ、感じる力を信じてください。月が照らすのは、部分だけ。それでも、歩けます。,迷路の中でも、あなたの感覚が正しい方向を指しています。直感を信じて。,今日は「なんとなく気になること」を一つだけ追いかけてみてください。理由はいらない。,"不安と現実を、混同していませんか？
恐れが作り出した幻を、事実だと思い込んでいるかもしれません。",混乱・恐れ・誤解が渦巻いている状態。でも多くは、あなたの心が作り出したものです。今の状況をもう一度、落ち着いて見直してみてください。,怖れているものの正体を、直視してみて。想像より小さいかもしれません。,今日は「一番怖いと思っていること」を紙に書いて、それが本当に起きる確率を考えてみてください。,major/18_Moon,不安が揺れやすいときです。,見えているものが、本当に事実か。感情に飲み込まれていないか。,不安を否定せず通り過ぎてみて。夜は必ず明けます。,混乱が晴れ始めています。,不安の正体に、気づきかけていないか。,事実を一つ確認してみて。霧は薄れています。,無意識の理解へ向かっています。,明確さへ向かい始めています。
major_19,major,,19,太陽,The Sun,火,陽,Yes,Yes,早い,喜び|成功|明晰,喜び|成功|明晰|祝福|活力|肯定|達成|光|成長,過信|未熟|軽率|空回り|傲慢|消耗|無邪気すぎ|配慮不足|疲労|停滞,"あなたは今、輝いています。
その光は、あなたが思っている以上に、人を照らしています。",これまで、努力や試行錯誤を重ねてきた背景があります。,今は、成果を実感し、安心して前に進める地点にいます。,喜びと成功が広がり、周囲にも良い影響を与えていくでしょう。,喜び・活力・成功。今のあなたには、本物のエネルギーが満ちています。自信を持って前に進んでください。あなたの存在が、周囲を明るくしています。,あなたが笑うと、世界が少し明るくなります。今日も、笑顔でいてください。,今日は「楽しいこと」を先にスケジュールしてください。義務の後回しにしない。喜びが先です。,"輝きが陰っているように感じていますか？
本当は、光は消えていません。雲が隠しているだけです。",楽しめない状態が続いているなら、それは心のサインです。無理に明るくしなくていい。今は回復の時間。,あなたの光は消えていません。少し曇っているだけ。それでもあなたは、輝く力を持っています。,今日は「以前楽しかったこと」を一つだけ思い出して、もう一度やってみてください。,major/19_Sun,喜びと明晰さが広がっています。,素直な喜びを、遠慮していないか。光をそのまま受け取れているか。,喜びを分かち合ってみて。明るさは循環します。,喜びを感じにくいときです。,無理に明るく振る舞って、疲れていないか。,休んで大丈夫。元気は戻ってきます。,成功と祝福へ向かっています。,回復を待つ段階です。
major_20,major,,20,審判,Judgement,火,陽,Yes,保留,転機,目覚め|再生|呼びかけ,目覚め|再生|覚醒|呼びかけ|決断|解放|許し|復活|真実,後悔|拒絶|停滞|恐れ|自己否定|回避|無視|迷い|混乱|躊躇,"あなたは今、呼ばれています。
その「目覚め」の声に応えてください。",これまで、未完了の想いや過去の選択が心に残っていました。,今は、過去を受け入れ、次の段階へ進むための目覚めの地点にいます。,決断と許しによって、新しい人生の流れが力強く始まるでしょう。,覚醒・再生・使命。過去のすべてが今のあなたを作りました。その経験を丸ごと受け取り、次のステージへ進む時です。後悔より、感謝を。,あなたの人生に、無駄なことは一つもありませんでした。すべてが、このための準備でした。,今日、過去の自分に「よく頑張ったね」と言ってあげてください。心の中でも、声に出しても。,"魂の声が聞こえているのに、聞こえないふりをしていませんか？
その呼びかけから、逃げ続けることはできません。",変わるべき時だとわかっているのに、動けない状態です。罪悪感や後悔が、前進を妨げています。,自分を裁くことをやめて。裁判は終わりました。今日から、あなたは新しい始まりの中にいます。,今日は「もう引きずらない」と決めることを一つ選んでください。決めるだけでいい。,major/20_Judgement,本当の声に応えるときです。,過去の出来事を、どう受け止めているか。自分を裁きすぎていないか。,過去を許して前を向いてみて。再生はここから始まります。,過去に引き戻されやすいときです。,自分を責め続けて、前に進めなくなっていないか。,今の自分を許してみて。責めなくて大丈夫です。,目覚めと再出発へ向かっています。,許しが必要な段階です。
major_21,major,,21,世界,The World,地,陰,Yes,Yes,完成,完成|統合|達成,完成|統合|達成|循環|調和|成熟|充足|結実|全体,未完|停滞|空虚|不満|区切り不足|循環不全|疲労|惰性|不完全|迷い,"一つのサイクルが完成しました。
あなたはここまで、本当によく来た。",これまで、多くの経験を重ね、学びを積み上げてきました。,今は、完成と統合を迎え、安心して区切りをつけられる地点にいます。,満たされた状態から、次のサイクルが自然と始まっていくでしょう。,完成・達成・統合。すべてが一つになる瞬間です。今あなたが感じている充実感は、本物です。この達成を、しっかり受け取ってください。次の旅が、静かに始まろうとしています。,おめでとう。あなたはやり遂げました。この感覚を、胸に刻んでおいてください。,今日は、自分の達成を一つ祝ってください。どんなに小さくても。あなたはここまで来ました。,"もう少しで完成なのに、最後の一歩を踏み出せずにいませんか？
ゴールは、もうそこにあります。",完成を恐れている状態。「終わったら次は何をするのか」という不安が、完結を邪魔しています。または、やり残したことへの後悔。,終わらせることを恐れないで。終わりは、新しい始まりへの入り口です。,今日、未完成のまま放置しているものを一つだけ完了させてください。それだけで、流れが変わります。,major/21_World,一つの完成を迎えています。,ここまでの歩みを、きちんと受け取れているか。自分を認めているか。,達成を祝ってみて。ここから新しい循環が始まります。,区切りを感じにくいときです。,終わらせることを、避けていないか。,一度立ち止まって振り返ってみて。完成は近くにあります。,完成と統合へ向かっています。,未完了を整える段階です。
wand_1,minor,wands,1,ワンドのエース,Ace of Wands,火,陽,Yes,保留,早い,始動|情熱|衝動,始まり|情熱|直感|ひらめき|衝動|創造|火花|可能性|意欲,空回り|迷い|消沈|停滞|躊躇|不発|自信不足|疲労|不完全|不安,"情熱の火が、今あなたの中で灯りました。
その熱を、行動の燃料にしてください。",これまで、心の奥で温めてきた想いや衝動がありました。,今は、情熱が芽生え、始動のきっかけを掴む地点にいます。,行動を起こすことで、可能性は勢いよく広がっていくでしょう。,創造・情熱・始動のエネルギーが最高潮です。やってみたいことがあるなら、今がそのタイミング。考える前に動く勇気が、この瞬間を活かします。,その「やってみたい」という気持ちは、宇宙からのギフトです。受け取ってください。,今日、ずっとやりたかったことの「最初の0.5歩」を踏み出してください。,"やる気はあるのに、空回りしていませんか？
炎は方向を定めてこそ、力になります。",エネルギーはあるのに、使い方が定まっていない状態。焦りや無計画な行動が、力を散らしています。,熱さを持ったまま、少しだけ方向を絞ってみて。一点に集中した炎は、何でも燃やせます。,今日は「今の熱量を何に使いたいか」を3分だけ考えてから動いてみてください。,wands/Wands_01_Ace,情熱の火が灯り始めています。,理由よりも、やってみたい衝動をどう扱っているか。勢いを抑えすぎていないか。,小さく着火してみて。完璧を待たなくて大丈夫です。,情熱が弱まり、意欲が湧きにくい状態です。,始める前に不安を膨らませていないか。,無理に動かず、火種を守って。,始動と可能性へ向かっています。,始動が遅れやすい流れです。
wand_2,minor,wands,2,ワンドの2,Two of Wands,火,陽,Yes,No,ゆっくり,計画|展望|選択,展望|計画|意志|選択|可能性|方向性|準備|視野|決断,迷い|優柔不断|停滞|恐れ|視野狭窄|先延ばし|不安|固執|躊躇|保留,"世界はあなたの手の中にあります。
遠くを見てください。あなたの未来は、広い。",これまで、始まりの衝動を内側で育ててきました。,今は、方向性を定めるために視野を広げる地点にいます。,選択を明確にすることで、行動は一気に現実味を帯びていくでしょう。,計画・ビジョン・可能性。今のあなたは、次のステージへの準備ができています。小さな世界に留まらず、もっと大きな視点から未来を描いてください。,あなたの夢は、思っているより大きく実現できます。限界を自分で作らないで。,今日、「5年後の自分」を具体的に想像してみてください。どんな場所で、何をしていますか？,"計画が先走って、行動が追いついていませんか？
または、決断を先延ばしにしていませんか？",理想は高いのに、踏み出せない状態。恐れや不安が、次の一歩を重くしています。,完璧な計画が立つのを待っていたら、永遠に動けません。今日だけで十分な準備をして、動いてみて。,今日は計画を半分にして、行動を倍にしてみてください。,wands/Wands_02_Two,方向性を見渡すときです。,どの可能性に心が広がるか。恐れで視野を狭めていないか。,選択肢を書き出してみて。展望は整理できます。,方向性が定まらず、迷いが続いています。,視野が狭くなっていないか。,選択肢を広げ直して。,計画と選択へ向かっています。,決断が先延ばしになりやすい流れです。
wand_3,minor,wands,3,ワンドの3,Three of Wands,火,陽,Yes,Yes,進展,展開|成長|見通し,展開|成長|拡大|見通し|進展|外界|可能性|発展|期待,停滞|不安|焦り|視野不足|遅延|落胆|疑念|準備不足|迷走|待機,"種を蒔いたあなたは、今、芽吹きの瞬間を見ています。
待った甲斐がありました。",これまで、方向性を定め、準備を進めてきました。,今は、動き始めた流れを見渡し、成長を待つ地点にいます。,関わりが広がり、計画は現実的な形へと発展していくでしょう。,展開・成長・先の見通し。動かした歯車が、現実を動かし始めています。焦らず待ちながらも、次の準備を進める時です。,遠くまで来ましたね。あなたが動いてきたから、この景色があります。,今日は「続けてきたこと」の成長を振り返ってみてください。どのくらい進みましたか？,待っているのか、止まっているのか、自分でもわからなくなっていませんか？,物事の進展が遅れている状態。焦りや計画の見直しが必要かもしれません。,諦めるには早い。ただ、やり方を変える時かもしれません。,今日は「うまくいっていないこと」のアプローチを一つ変えてみてください。,wands/Wands_03_Three,展開を待つ段階です。,すでに動き始めた流れを、信頼できているか。,焦らず視野を広げて。外とのつながりが助けになります。,展開が遅れ、見通しが立ちにくい状態です。,期待ばかり先行していないか。,足元を整えることを優先して。,成長と発展へ向かっています。,進展が停滞しやすい流れです。
wand_4,minor,wands,4,ワンドの4,Four of Wands,火,陽,Yes,Yes,安定,安定|祝福|基盤,安定|基盤|祝福|安心|達成|居場所|調和|休息|共有,停滞|不満|不安定|形骸化|緊張|閉塞|孤立|疲労|義務感|違和感,"喜びに満ちた帰還。
あなたはここに、祝われるべき何かをもたらしています。",これまで、情熱を注ぎながら基盤を築いてきました。,今は、安心できる場所に立ち、成果を実感する地点にいます。,安定した基盤の上で、次の展開が穏やかに始まるでしょう。,祝い・安定・コミュニティ。努力が報われ、安心できる場所が整っています。今は人と喜びを分かち合う時間です。,あなたの居場所は、ここです。遠くを探さなくていい。今いる場所が、あなたの祝いの場です。,今日は大切な人に「一緒にいてくれてありがとう」と伝えてみてください。,落ち着けない。家でも、仕事でも、どこかよそよそしい感覚があります。,不安定・帰属感の欠如。居場所を探している、または安心できる環境が壊れている状態。,あなたの居場所は、必ずあります。今見つかっていないだけです。,今日は「ここが自分の場所だ」と感じられる空間を、少しだけ整えてみてください。,wands/Wands_04_Four,安定と安心を感じられるときです。,安心できる居場所を、自分に許せているか。,ここまでを祝ってみて。基盤は整っています。,安定感を得られず、落ち着きに欠けています。,表面的な安心に違和感がないか。,本当に休める場所を整えて。,安定と定着へ向かっています。,基盤が揺らぎやすい流れです。
wand_5,minor,wands,5,ワンドの5,Five of Wands,火,陽,No,No,混乱,衝突|競争|摩擦,衝突|競争|摩擦|混乱|主張|比較|葛藤|違い|試練,対立|疲弊|不和|攻撃|消耗|混戦|混乱拡大|敵意|拒絶|孤立,"混乱の中に、あなたの本当の力が試されています。
戦うべき相手は、自分自身かもしれません。",これまで、価値観や方向性の違いが積み重なってきました。,今は、摩擦や競争の中で自分の立ち位置を確認する地点にいます。,対立を乗り越えることで、より強い結束や理解が生まれるでしょう。,競争・葛藤・混乱。意見の衝突や混乱は、避けられない時期です。でも、それは成長の摩擦でもあります。,ぶつかることを恐れないで。あなたには乗り越える力があります。,今日、意見の違う人の話を最後まで聞いてみてください。反論は後でいい。,戦いを避けすぎて、大切なことまで諦めていませんか？,不必要な争いを避けることはいいですが、必要な主張まで抑えているかもしれません。,自分を守ることも、愛のひとつです。必要なら、声を上げていい。,今日は「本当はこう思っている」ということを、一つだけ言葉にしてみてください。,wands/Wands_05_Five,摩擦が生じやすいときです。,違いを、対立として捉えすぎていないか。,一歩引いて観察して。学びは衝突の中にあります。,対立を避けるあまり、停滞しています。,本音を抑え込みすぎていないか。,距離を取るか、整理して伝えて。,試練と調整へ向かっています。,摩擦が内側に溜まりやすい流れです。
cup_1,minor,cups,1,カップのエース,Ace of Cups,水,陰,Yes,保留,始まり,感情|愛|受容,愛|感情|受容|癒し|始まり|優しさ|共感|心|満たされる,感情過多|依存|不安定|空虚|過敏|混乱|抑圧|孤独|閉塞|疲労,"愛の器が、今あふれるほど満ちています。
その感情を、大切に受け取ってください。",これまで、感情を抑えたり、心を閉じてきた背景があります。,今は、感情を受け入れ、心を開く地点にいます。,愛や共感が広がり、人とのつながりが深まっていくでしょう。,感情・直感・愛の始まり。新しい感情的なつながりや、創造的なインスピレーションの扉が開いています。心を開いてください。,今あなたが感じていることは、本物です。その感情を、大切にしてください。,今日、「感謝している人」に気持ちを伝えてください。一言でいい。,"感情が溢れすぎて、抑えることができていませんか？
または、感じることを閉じてしまっていますか？",感情的な過負荷、または感情的な閉鎖。どちらかの状態です。,感じることを怖れないで。あなたの感情は、あなたを傷つけるためにあるのではありません。,今日は「今どんな気持ちか」を、日記に3行だけ書いてみてください。,cups/Cups_01_Ace,心が開き始めています。,感じている気持ちを、否定していないか。,、素直に受け取ってみて。,感情が溢れ、バランスを崩しています。,与えすぎや依存になっていないか。,まず自分の心を整えて。,感情の始まりへ向かっています。,感情が不安定になりやすい流れです。
cup_2,minor,cups,2,カップの2,Two of Cups,水,陰,Yes,Yes,調和,結び|相互|信頼,結び|調和|信頼|対等|愛情|共鳴|理解|関係性|共有,不均衡|依存|誤解|距離|緊張|不一致|不安|片想い|すれ違い|疑念,"二つの魂が、今引き合っています。
その出会いには、意味があります。",これまで、誰かとの関係性を大切に育ててきました。,今は、相互理解と信頼が形になりやすい地点にいます。,誠実な関わりが、長く続く絆へと発展していくでしょう。,つながり・均衡・相互理解。パートナーシップが深まる時です。恋愛だけでなく、ビジネスや友人関係でも、深い絆が生まれます。,あなたは一人ではありません。そばに、あなたを理解してくれる人がいます。,今日、大切な人との時間を意識的に作ってください。短くていい。,つながりが壊れているか、片側だけが頑張っていませんか？,関係のアンバランス。一方的な感情、または関係における誤解が生じています。,関係は修復できます。まず、自分の気持ちを正直に見てみて。,今日は「この関係で私は何を感じているか」を、正直に考えてみてください。,cups/Cups_02_Two,対等なつながりが育っています。,与える・受け取るのバランスは取れているか。,気持ちを分かち合ってみて。,関係性にズレが生じています。,対等さが保たれているか。,率直な対話を心がけて。,調和と結びへ向かっています。,誤解が広がりやすい流れです。
cup_3,minor,cups,3,カップの3,Three of Cups,水,陰,Yes,Yes,喜び,祝福|共有|友情,祝福|共有|友情|喜び|集い|感謝|つながり|分かち合い|軽やか,過剰|表面的|依存|疲労|騒がしさ|浪費|浅さ|孤立|空虚|倦怠,"喜びは、分かち合うことで倍になります。
今日は、誰かと笑ってください。",これまで、一人で頑張る場面が多くありました。,今は、支え合い、喜びを共有できる地点にいます。,つながりが広がり、心が明るく満たされていくでしょう。,祝い・友情・共同体。楽しい人間関係が広がる時です。感謝と喜びを周りと共有してください。,あなたの周りには、あなたを愛してくれる人たちがいます。今日はその愛を、感じてください。,今日、友達に「元気？」とメッセージを一つ送ってみてください。,孤立しているか、または本当の意味でつながれていない感覚があります。,表面的なつながりへの疲れ、または真の友人関係の欠如。,本当のつながりを求めていい。表面的な付き合いより、一人の深いつながりを大切に。,今日は「本当に話せると思う人」に連絡してみてください。,cups/Cups_03_Three,喜びを共有しやすいときです。,一人で抱え込まず、頼れているか。,感謝を伝えてみて。,楽しさが表面的になっています。,無理に合わせすぎていないか。,距離を取り直して。,祝福とつながりへ向かっています。,つながりに疲れが出やすい流れです。
cup_4,minor,cups,4,カップの4,Four of Cups,水,陰,保留,No,停滞,無関心|内省|停滞,無関心|内省|停滞|倦怠|不満|閉塞|気づき不足|拒否|距離,拒絶|不満増大|孤立|後悔|停滞長期|鈍感|逃避|不安|閉鎖|疲弊,"あなたはすでに豊かさに囲まれています。
でも、それに気づいていないだけかもしれません。",これまで、期待と現実のズレを感じる場面がありました。,今は、心の状態を見直し、内省する地点にいます。,気づきを得ることで、新しい選択肢が再び見えてくるでしょう。,瞑想・再評価・内省。外からのものより、すでに持っているものの価値を見直す時です。,贈り物は、いつもそこにあります。今日は、目を開けて受け取ってみて。,今日は「当たり前だと思っていること」を3つ、感謝してみてください。,閉じていた心が、少しずつ開き始めています。,長い内省の時間が終わり、外の世界に出る準備ができています。,世界はあなたを待っています。準備ができたら、扉を開けてください。,今日は「避けていたこと」に一つだけ、小さく近づいてみてください。,cups/Cups_04_Four,気持ちが動きにくいときです。,差し出されているものに、気づけているか。,無理に動かさなくて大丈夫です。,停滞から抜け出す兆しがあります。,新しい可能性を見落としていないか。,差し出されているものに目を向けて。,内省と気づきへ向かっています。,流れが少しずつ動き始めています。
cup_5,minor,cups,5,カップの5,Five of Cups,水,陰,No,No,喪失,喪失|後悔|悲しみ,喪失|後悔|悲しみ|失望|未練|嘆き|感情|区切り|癒し,回復|受容|希望|立ち直り|再生|視点転換|許し|前進|解放|再選択,"失ったものへの悲しみは、本物です。
でも、まだ残っているものがあることも、本当です。",これまで、喪失や残念な出来事を経験してきました。,今は、悲しみと向き合い、感情を整理する地点にいます。,受容が進むことで、希望と回復の流れが静かに戻ってくるでしょう。,喪失・後悔・悲嘆。悲しむことは大切です。でも、こぼれたカップばかり見て、まだ立っているカップを忘れないでください。,悲しんでいい。十分に。でもその後、振り返ってみて。残っているものが見えます。,今日は悲しみを感じながら、「まだ自分にあるもの」を一つだけ数えてください。,"悲しみから、少しずつ立ち上がっています。
癒しが、始まっています。",過去の喪失から回復する時期。前を向く力が戻ってきています。,あなたは乗り越えています。ゆっくりでいい。確かに、前に進んでいます。,今日は「楽しみなこと」を一つ、先の予定として入れてみてください。,cups/Cups_05_Five,喪失や後悔が前に出やすいときです。,失ったものばかりを見ていないか。,残っているものにも目を向けて。,回復と受容が進み始めています。,過去への執着が残っていないか。,前を向く選択をして。,受容と回復へ向かっています。,癒しと再生に向かう流れです。
sword_1,minor,swords,1,ソードのエース,Ace of Swords,風,陽,Yes,Yes,早い,真実|明晰|決断,真実|明晰|決断|言葉|洞察|切り開く|理解|覚醒|知性,混乱|誤解|言葉の暴走|冷酷|断絶|鋭すぎる判断|思考過多|偏り|攻撃|硬直,"真実を見る目が、今あなたに宿っています。
その剣で、霧を切り開いてください。",これまで、はっきりしない状況に悩まされてきました。,今は、真実を見極め、判断を下す地点にいます。,明確な決断が、新しい道を切り開いていくでしょう。,明晰さ・真実・断断力。混乱していたことが、はっきりと見えてくる瞬間です。決断を恐れないで。,あなたの判断は正しい。迷わず、切り進んでください。,今日、ずっと曖昧にしていたことに、明確な答えを出してください。,"言葉が刃になって、自分を傷つけていませんか？
思考の暴走を、一度止めて。",混乱・誤った判断・思考の行き詰まり。今は決断より、整理の時間が必要です。,頭を休ませてください。答えは、静かになった後に来ます。,今日は考えるのをやめて、体を動かしてみてください。散歩でも、掃除でも。,swords/Swords_01_Ace,思考が明晰になっています。,曖昧さを切り分け、真実を見ているか。,言葉を整理してみて。,思考が混乱し、判断が鈍っています。,言葉が鋭くなりすぎていないか。,一度立ち止まって整理して。,理解と決断へ向かっています。,誤解が生じやすい流れです。
sword_2,minor,swords,2,ソードの2,Two of Swords,風,陰,保留,No,停滞,迷い|均衡|防御,迷い|均衡|防御|保留|遮断|葛藤|選択回避|沈黙|緊張,回避|優柔不断|感情遮断|混乱|緊張増大|停滞|不安|拒否|硬直|逃避,"決断を先延ばしにするほど、重さが増していきます。
今日、どちらかを選んでください。",これまで、対立や衝突を避けてきた背景があります。,今は、選択を保留し、心を守る地点にいます。,感情と向き合うことで、再び選択肢が動き始めるでしょう。,袋小路・葛藤・決断の保留。バランスを保とうとすることが、逆に動けなくさせています。,どちらを選んでも、あなたには回復する力があります。怖れずに、選んでください。,今日、「ずっと決めかねていること」を一つ、コインを投げて決めてみてください。,"目を閉じていた状況が、見え始めています。
真実を直視する準備ができています。",回避していた問題が表面化する時期。見ることが、解決の第一歩です。,見ることを恐れないで。現実は、想像ほど怖くありません。,今日は「見ないようにしていたこと」を一つだけ、正直に見てみてください。,swords/Swords_02_Two,判断を保留しています。,感情を閉じて、均衡を保とうとしていないか。,感じていることに触れてみて。,保留していた問題が表に出ています。,感情を無視していないか。,向き合う準備をして。,迷いの整理へ向かっています。,選択が動き出す流れです。
sword_3,minor,swords,3,ソードの3,Three of Swords,風,陽,No,No,痛み,痛み|悲しみ|真実,痛み|悲しみ|失望|別離|真実|衝撃|理解|心の傷|認識,癒し拒否|否認|執着|閉塞|回避|自己防衛|苦悩|停滞|誤解|孤立,"痛みは本物です。
でも、この痛みは何かを教えようとしています。",これまで、期待と現実のズレが積み重なってきました。,今は、痛みと向き合い、真実を受け止める地点にいます。,受容が進むことで、癒しと理解の流れが静かに始まるでしょう。,悲嘆・裏切り・失意。心が傷ついている時です。その痛みを、否定しないでください。,泣いていい。怒っていい。感じることが、回復の始まりです。,今日は無理をしないでください。ただ、自分を優しく扱うことだけ意識して。,"最悪の痛みは、過ぎています。
傷が、少しずつふさがっています。",回復の始まり。心の傷が癒えていく過程にあります。,あなたは生き延びました。それだけで、十分すごいことです。,今日は「自分が頑張ったこと」を一つ認めてあげてください。,swords/Swords_03_Three,痛みを伴う真実が表れています。,傷つくことを恐れて、事実を避けていないか。,感情を言葉にしてみて。,痛みが癒え始めています。,傷を抱えたまま無理をしていないか。,回復を優先して。,受容と理解へ向かっています。,理解と癒しが進む流れです。
sword_4,minor,swords,4,ソードの4,Four of Swords,風,陰,保留,No,休息,休息|回復|静止,休息|回復|静止|内省|癒し|距離|整える|再生|沈黙,疲弊|回避|停滞長期|孤立|無気力|逃避|不安|閉塞|倦怠|消耗,"戦いをやめて、回復してください。
今のあなたには、休息こそが最大の戦略です。",これまで、緊張や思考の酷使が続いてきました。,今は、休息と回復を優先する地点にいます。,十分に整えることで、再び明晰さと意欲が戻ってくるでしょう。,休息・回復・瞑想。戦い続けてきた体と心を、今こそ休めてください。,休むことは、逃げることではありません。次の力を蓄えることです。,今日は「何もしない」時間を意図的に作ってください。1時間だけでもいい。,"そろそろ動き出してもいい頃です。
休息は十分に取りました。",長い静止期間からの復活。エネルギーが戻ってきています。,準備はできています。静かに、でも確実に、前に進んでいいですよ。,今日は「最近できていなかったこと」を一つだけ再開してみてください。,swords/Swords_04_Four,休息が必要です。,思考を止める時間を取れているか。,距離を取って休んで。,休息不足で疲れが残っています。,無理に動き出していないか。,しっかり休んで。,回復と整えへ向かっています。,回復が追いつきにくい流れです。
sword_5,minor,swords,5,ソードの5,Five of Swords,風,陽,No,No,混乱,敗北|対立|後味,敗北|対立|後味|衝突|勝敗|孤立|不信|代償|緊張,和解|手放し|理解|距離|再評価|許し|修復|学び|選び直し|平和,"勝ったとしても、何かを失ってはいませんか？
勝利の代価を、正直に見てください。",これまで、対立や競争が積み重なってきました。,今は、衝突の中で自分の立ち位置を再確認する地点にいます。,争いから距離を取ることで、より健全な選択肢が見えてくるでしょう。,争い・不和・不誠実な勝利。争いに勝っても、関係や信頼を失うことがあります。,本当の勝利は、誰も傷つけない方法にあります。,今日は「この状況で本当に大切なものは何か」を考えてみてください。,"敗北感の後に、学びがあります。
今の失敗が、次の知恵になります。",過去の葛藤からの解放・和解の可能性。,負けることで、より深い何かを得ることがあります。今のあなたに起きているのは、そういうことです。,今日は、争っていた人に一つだけ歩み寄ってみてください。,swords/Swords_05_Five,後味の悪さが残りやすいときです。,勝ち負けに、こだわりすぎていないか。,一歩引いて選び直して。,争いから距離を取ろうとしています。,勝ち負けに執着していないか。,和解や手放しを選んで。,再評価と距離へ向かっています。,緊張が緩み始める流れです。
pentacle_1,minor,pentacles,1,ペンタクルのエース,Ace of Pentacles,地,陰,Yes,保留,始まり,現実|基盤|種,始まり|現実|基盤|機会|安定|形|実り|具体化|信頼,機会損失|不安|現実逃避|疑念|慎重過多|停滞|躊躇|不安定|浪費|準備不足,"豊かさの種が、あなたの手に渡されました。
今こそ、地に植えてください。",これまで、安定や基盤を求めて準備を重ねてきました。,今は、現実的なスタート地点に立ち、具体化を始める地点にいます。,丁寧に育てることで、確かな成果へと成長していくでしょう。,物質的な始まり・豊かさ・機会。具体的な形で豊かさが始まる時です。,あなたの努力は、必ず実を結びます。今日の一歩が、未来の豊かさになります。,今日、お金や仕事に関して「具体的な行動」を一つとってください。,"豊かさへの道が、どこかで詰まっています。
基盤を見直してください。",物質的な損失・計画の失敗・資源の無駄遣い。,土台から見直す時です。焦らず、着実に。,今日は「お金の使い方」を振り返り、一つ見直してみてください。,pentacles/Pentacles_01_Ace,現実的な種が差し出されています。,小さな機会を、見逃していないか。,具体的な一歩を。,現実的なチャンスを疑っています。,不安が行動を止めていないか。,小さな一歩を信じて。,具体化と基盤へ向かっています。,機会を逃しやすい流れです。
pentacle_2,minor,pentacles,2,ペンタクルの2,Two of Pentacles,地,陰,保留,No,忙しさ,調整|バランス|対応,調整|バランス|対応|柔軟|やりくり|同時進行|変化|適応|選択,過負荷|混乱|不安定|優先混乱|疲弊|先延ばし|無計画|消耗|焦り|限界,"バランスを保ちながら、前に進んでいます。
その器用さが、今の強みです。",これまで、忙しさの中でやりくりを続けてきました。,今は、優先順位を見直し、調整する地点にいます。,取捨選択が進むことで、流れは落ち着いていくでしょう。,適応・柔軟性・均衡。複数のことを同時に扱いながら、バランスを保っています。,あなたは今、多くのことを上手に扱っています。自分をもっと信じてください。,今日は「今やっている複数のこと」の優先順位を一度確認してみてください。,"バランスが崩れ始めています。
全部一人でやろうとしていませんか？",過負荷・優先順位の混乱・散漫。,一つ降ろしていい。全部持たなくていい。,今日は「手放せること」を一つ選んでください。,pentacles/Pentacles_02_Two,やりくりが必要です。,優先順位が混乱していないか。,負荷を調整して。,やりくりが限界に近づいています。,抱えすぎていないか。,優先順位を整理して。,調整と柔軟さへ向かっています。,バランスが崩れやすい流れです。
pentacle_3,minor,pentacles,3,ペンタクルの3,Three of Pentacles,地,陰,Yes,Yes,進展,協力|評価|技術,協力|評価|技術|成長|学び|共同|計画|実務|積み上げ,不和|軽視|孤立|未熟|連携不足|誤解|停滞|自己否定|拒絶|不安,"あなたの技術と努力が、認められています。
一人ではなく、チームで作るものが今、形になっています。",これまで、技術や経験を積み重ねてきました。,今は、他者と連携し、形にしていく地点にいます。,協力関係が深まり、成果は着実に積み上がっていくでしょう。,技術・協力・職人精神。スキルが評価される時期。チームワークが成果を生み出します。,あなたの仕事は、ちゃんと見られています。手を抜かずに来た、その誠実さが報われます。,今日は「一緒に働いている人」に、感謝の言葉を一つ伝えてください。,"自分の努力が報われていないと感じていますか？
または、チームがうまく機能していませんか？",チームの不和・スキルの過小評価・協力の欠如。,あなたの価値は、他人の評価だけで決まりません。,今日は「自分のスキル」を一つ書き出して、改めて認めてあげてください。,pentacles/Pentacles_03_Three,協力で形になります。,役割分担を、信頼できているか。,相談して進めて。,協力がうまく機能していません。,一人で抱え込んでいないか。,相談や連携を意識して。,共同と成長へ向かっています。,評価が得にくい流れです。
pentacle_4,minor,pentacles,4,ペンタクルの4,Four of Pentacles,地,陰,No,No,固定,執着|防衛|保持,保持|執着|防衛|安定|所有|守る|固定|不安|独占,解放|循環|共有|安心|柔軟|信頼|手放し|調整|余裕|変化,"持っているものを守ることは大切です。
でも、握りしめすぎると、新しいものが入ってきません。",これまで、失わないように慎重な選択を重ねてきました。,今は、守りと手放しのバランスを見直す地点にいます。,循環を取り戻すことで、安定はより健やかな形へ変わっていくでしょう。,安定・貯蓄・所有欲。安全を求めることは自然ですが、それが変化への抵抗になっていないか確認してください。,安心感は大切。でも、少し手を開いてみて。流れが入ってきます。,今日は「手放せそうな執着」を一つだけ、手放してみてください。,"ついに、手を開き始めましたね。
その勇気が、流れを変えます。",物質的な執着からの解放・開放・寛大さ。,与えるほどに、戻ってきます。流れを信頼して。,今日は「誰かに何かを与える」ことを一つしてください。,pentacles/Pentacles_04_Four,守りに入りやすいときです。,失う不安が、循環を止めていないか。,少し緩めてみて。,執着が緩み始めています。,失う不安に囚われていないか。,少し手放して。,保持と見直しへ向かっています。,循環が戻りやすい流れです。
pentacle_5,minor,pentacles,5,ペンタクルの5,Five of Pentacles,地,陰,No,No,困難,欠乏|不安|孤立,欠乏|不安|孤立|困難|不足感|排除|寒さ|試練|支援不足,回復|支援|希望|助け|つながり|再建|救済|温もり|再出発|受容,"外に助けがあるのに、見えていないだけかもしれません。
一人で抱えすぎないでください。",これまで、支えが得られにくい状況を経験してきました。,今は、不安や欠乏感と向き合う厳しい地点にいます。,助けを受け入れることで、回復への道が静かに開かれていくでしょう。,困窮・孤立・物質的な損失。でも、助けは意外と近くにあります。,扉を叩いてみてください。助けを求めることは、弱さではありません。,今日は「困っていること」を一人に話してみてください。,"長いトンネルの出口が、見え始めています。
回復が始まっています。",苦境からの回復・援助の受け入れ・再起。,ここまで来た。あなたは強かった。これからは、もう少し楽になれます。,今日は「良くなってきたこと」を一つ、自分に教えてあげてください。,pentacles/Pentacles_05_Five,不足感が強まりやすいときです。,一人で耐えようとしていないか。,助けを探してみて。,回復への出口が見え始めています。,助けを拒んでいないか。,支援を受け取って。,支援と回復へ向かっています。,再建へ向かう流れです。
wand_6,minor,wands,6,ワンドの6,Six of Wands,火,陽,Yes,Yes,進展,勝利|評価|前進,勝利|成功|評価|注目|達成|前進|自信|承認|良い知らせ|凱旋,過信|傲慢|期待外れ|見栄|承認欲求|失速|評価の揺れ|空回り|孤立|失望,"あなたの勝利が、みんなに見えています。
胸を張って受け取ってください。",これまで、地道な努力や挑戦を積み重ね、注目や評価に近づいてきた流れがありました。,今は、成果が見えやすくなり、堂々と前に出られる地点にいます。,評価を追い風にしながら進めば、次の展開もスムーズに開けていくでしょう。,勝利・認識・達成。努力が実り、周囲からの認識を得ます。,あなたが今感じている誇らしさは、正当なものです。照れなくていい。,今日は自分の成功を、誰かに話してみてください。,賞賛に溺れているか、または全く評価されていないと感じています。,自惚れ・認識の欠如・自信喪失。,あなたの価値は、他人の拍手がなくても変わりません。,今日は「自分が誇れること」を内側で認めてみてください。,wands/Wands_06_Six,成果が認められやすいときです。,評価を、素直に受け取れているか。,次の目標を一つ定めて。流れは続いています。,評価が得られず、自信を失いやすい状態です。,他人の反応を気にしすぎていないか。,自分基準を取り戻して。,成功と前進へ向かっています。,停滞感が強まりやすい流れです。
wand_7,minor,wands,7,ワンドの7,Seven of Wands,火,陽,Yes,No,緊張,防衛|主張|対抗,防衛|主張|対抗|立場|競争|プレッシャー|踏ん張り|意志,消耗|孤立|攻撃過多|防御疲れ|頑固|不安|疲弊|過剰反応|混乱|限界,"多方面から押されていますが、あなたは立っています。
その根を、信じてください。",これまで、評価や成果によって注目を集めてきました。,今は、立場を維持し、自分を守る地点にいます。,必要な主張を続けることで、状況は次第に安定していくでしょう。,防衛・忍耐・挑戦への立ち向かい。多くの課題を前にしても、あなたには揺るぎない軸があります。,倒れなかったあなたを、見ています。その強さは本物です。,今日は「揺るがない自分の価値観」を一つ確認してください。,"疲れて、少し引いてしまいそうです。
戦い方を変える時かもしれません。",圧倒感・防衛の崩壊・諦め。,戦略を変えることは、敗北ではありません。賢さです。,今日は「戦い方」を見直してみてください。別のやり方があるかもしれません。,wands/Wands_07_Seven,立場を守る必要があります。,守るべきものと、手放していい緊張を見分けられているか。,必要な線を引いて。無理に戦わなくて大丈夫です。,守りに入り、消耗しています。,一人で抱え込みすぎていないか。,助けを求めて。,防衛と主張へ向かっています。,立場が不安定になりやすい流れです。
wand_8,minor,wands,8,ワンドの8,Eight of Wands,火,陽,Yes,Yes,急展開,加速|展開|進行,加速|展開|進行|連絡|動き|変化|スピード|流れ|到達,混乱|急ぎすぎ|見落とし|不安定|焦り|暴走|誤解|遅延|空回り|疲労,"物事が一気に動き始めています。
流れに乗ってください。今がそのタイミングです。",これまで、準備や停滞の時間が続いていました。,今は、流れが動き、前進が始まる地点にいます。,スムーズな進展により、状況は一気に前へ進むでしょう。,スピード・素早い変化・コミュニケーション。,動く時が来ました。迷っている時間はありません。今です。,今日、先延ばしにしていたことを即座に動かしてください。,"焦りすぎて、方向を見失っていませんか？
スピードより精度を。",遅延・方向性の欠如・混乱したコミュニケーション。,今は焦らなくていい。速さより、正しい方向に向かうことが大切です。,今日は一つのことに集中して、それだけを完了させてください。,wands/Wands_08_Eight,展開が一気に進みます。,スピードに飲まれず、要点を見失っていないか。,流れに乗りつつ確認を忘れずに。,物事が滞り、停滞感があります。,焦りが判断を乱していないか。,ペースを落として確認して。,加速と進行へ向かっています。,遅延が起きやすい流れです。
wand_9,minor,wands,9,ワンドの9,Nine of Wands,火,陽,保留,No,限界,警戒|継続|防御,警戒|継続|防御|忍耐|疲労|持久|守備|踏ん張り,消耗|不信|疑心暗鬼|防御過多|限界|疲弊|孤立|恐れ|緊張|撤退,"傷だらけでも、まだ立っています。
その粘り強さが、あなたの真の力です。",これまで、多くの困難を乗り越えてきました。,今は、疲労を抱えつつも立ち続ける地点にいます。,無理をしなければ、最後までやり遂げる力は残っています。,忍耐・回復力・最後の力。ギリギリのところで踏みとどまっています。,もうすぐ終わりです。今が、踏ん張り時です。,今日、「もう少し」という気持ちで、一つだけ続けてください。,"頑固すぎて、変化を受け入れられていませんか？
少しだけ柔軟に。",頑固さ・防衛過剰・疲弊。,すべてを一人で守らなくていい。助けを受け入れてみて。,今日、誰かに一つ頼んでみてください。,wands/Wands_09_Nine,今は、踏ん張りどころです。,疲れを無視して、限界を超えようとしていないか。,休みながら続けて。守る力は残っています。,限界が近く、警戒心が強まっています。,疲れを無視していないか。,一度しっかり休んで。,継続と忍耐へ向かっています。,消耗が続きやすい流れです。
wand_10,minor,wands,10,ワンドの10,Ten of Wands,火,陽,No,No,重圧,過負荷|責任|限界,過負荷|責任|重圧|義務|抱え込み|疲労|限界|手放し,解放|分担|軽減|区切り|整理|委ねる|再構築|余白|回復|再出発,"荷物が重すぎます。
全部一人で運ばなくていいことに、気づいてください。",これまで、多くの役割や期待を引き受けてきました。,今は、限界に近づき、整理と区切りが必要な地点にいます。,負担を軽くすることで、新しい流れが再び動き出すでしょう。,過負荷・責任の過多・燃え尽き寸前。,降ろしていい荷物があります。今日、一つだけ手放してください。,今日、「人に頼めること」を一つ、実際に頼んでください。,"やっと荷物を降ろしています。
その解放感を、大切に感じてください。",責任の解放・委任・荷降ろし。,楽になっていいんです。あなたは十分すぎるほど、運んできました。,今日は「しなくていいこと」のリストを作って、一つ削ってください。,wands/Wands_10_Ten,抱えすぎています。,本当に自分が背負うべきものか、見直せているか。,一つ下ろしてみて。軽くなって大丈夫です。,重荷を下ろす準備が整っています。,手放せるものを見極められているか。,分担や整理を進めて。,整理と区切りへ向かっています。,負担が軽くなっていく流れです。
cup_6,minor,cups,6,カップの6,Six of Cups,水,陰,Yes,保留,穏やか,過去|純粋|懐かしさ,過去|純粋|思い出|安心|無邪気|優しさ|再会|原点|素直,停滞|現実逃避|未熟|依存|成長拒否|執着|後退|甘え|逃避|停滞,"懐かしい温もりが、戻ってきています。
過去の美しいものを、今に活かしてください。",これまで、安心できる記憶や関係に支えられてきました。,今は、過去の経験から大切なものを受け取る地点にいます。,純粋な想いを今に活かすことで、心は穏やかに整っていくでしょう。,懐かしさ・過去からの贈り物・無邪気さ。,あなたの子供の頃の夢を、今の大人の自分が叶えてあげられます。,今日、子供の頃に好きだったことを一つ思い出して、やってみてください。,"過去に縛られすぎていませんか？
今と未来にも、美しいものがあります。",過去への執着・現在からの逃避。,過去は宝ですが、住む場所ではありません。今日に戻っておいで。,今日は「今この瞬間」に楽しいことを一つ作ってください。,cups/Cups_06_Six,懐かしさが心を和らげています。,過去の安心を、今にどう活かせているか。,原点を思い出して。,過去への執着が足を止めています。,懐かしさに逃げていないか。,今の自分に戻って。,純粋さと回復へ向かっています。,成長が遅れやすい流れです。
cup_7,minor,cups,7,カップの7,Seven of Cups,水,陰,保留,No,混乱,選択|幻想|迷い,幻想|選択|迷い|夢|可能性|混乱|誘惑|不確実|妄想,現実逃避|錯覚|混乱増大|誤認|過信|迷走|依存|不安|空虚|判断不能,"夢が多すぎて、どれを選べばいいか迷っていませんか？
一つを選ぶことが、現実を動かします。",これまで、理想や夢に心を向けてきました。,今は、幻想と現実の区別をつける地点にいます。,選択を絞ることで、霧は少しずつ晴れていくでしょう。,幻想・選択肢の過多・夢想。,夢を見ることは素晴らしい。でも、一つ選んで、地に足をつけて。,今日、「一番大切な夢」を一つだけ選んでください。,"幻から覚めて、現実が見えてきました。
今こそ行動の時です。",現実への回帰・決断・幻滅からの解放。,今のあなたは、夢より行動が力になります。動いてみて。,今日、具体的な計画を一つ立てて、最初の一歩を踏み出してください。,cups/Cups_07_Seven,選択肢が多く迷いやすいときです。,幻想に引かれて、現実を見失っていないか。,一つに絞って確認して。,幻想が晴れ、現実が見え始めています。,本物を選べているか。,選択肢を絞って。,選択の整理へ向かっています。,迷いが収束する流れです。
cup_8,minor,cups,8,カップの8,Eight of Cups,水,陰,No,Yes,転換,離脱|探索|決意,離脱|探索|決意|転換|成長|内的探求|区切り|前進|静かな勇気,未練|停滞|恐れ|依存|逃避|後悔|迷走|躊躇|不安|葛藤,"それを置いていく勇気が、今のあなたに必要なものです。
振り返らず、前へ。",これまで、心を満たそうと努力を続けてきました。,今は、本当の充足を求めて歩き出す地点にいます。,勇気ある決断が、より深い満足へと導いてくれるでしょう。,手放し・新しい道・深化。満たされていないものを置いて、より深いものを求めて進む時。,去ることは、諦めではありません。より高いものへ向かう選択です。,今日、「もう満たされなくなったこと」を一つ、正直に認めてください。,"戻るべきかもしれません。
または、去ることへの恐れが、判断を鈍らせています。",引き返し・恐れからの逃走・放棄。,逃げることと離れることは違います。今あなたがしようとしているのは、どちらですか？,今日は「本当に離れたいのか、それとも恐れているだけなのか」を自問してみてください。,cups/Cups_08_Eight,静かな離脱が必要です。,満たされないものに、留まり続けていないか。,距離を取って前を向いて。,離れきれず、未練が残っています。,恐れが決断を止めていないか。,本音を確かめて。,転換と探索へ向かっています。,停滞が続きやすい流れです。
cup_9,minor,cups,9,カップの9,Nine of Cups,水,陰,Yes,Yes,満足,満足|願望|充足,満足|願望成就|充足|喜び|自己肯定|豊かさ|安心|達成|心地よさ,慢心|怠惰|独善|過剰|依存|空虚|満足不足|欲張り|停滞|油断,"あなたの願いは、叶っています。
それに気づいてください。",これまで、満足を求めて努力を続けてきました。,今は、願いが叶い、心が満ちる地点にいます。,満足感が自信となり、次の喜びを引き寄せるでしょう。,願望成就・満足・幸福。,今のあなたは、豊かです。その豊かさに、感謝してください。,今日、今持っているものへの感謝を10個書いてみてください。,"欲しいものを手に入れても、満足できていませんか？
何かが欠けているように感じる理由を探してみて。",不満・自己耽溺・欲求不満。,本当に欲しいものは、もっと深いところにあります。,今日は「何があれば本当に幸せか」を正直に考えてみてください。,cups/Cups_09_Nine,満足と充足を味わえます。,自分を、きちんと認められているか。,今の喜びを受け取って。,満たされているのに不足を感じています。,期待が高くなりすぎていないか。,今ある充足を見直して。,願望成就へ向かっています。,不満が募りやすい流れです。
cup_10,minor,cups,10,カップの10,Ten of Cups,水,陰,Yes,Yes,完成,幸福|調和|共有,幸福|調和|共有|愛|安心|結び|家族|心の完成|祝福,表面幸福|理想化|依存|現実逃避|期待過多|不満|不和|違和感|崩れ|過信,"完全な幸福が、今ここにあります。
それを、全身で感じてください。",これまで、感情的な充足を求めてきました。,今は、心の完成と調和を実感する地点にいます。,分かち合う幸せが、穏やかに広がっていくでしょう。,家族の幸福・感情の完成・至福。,これが、あなたの望んでいた姿です。大切にしてください。,今日は大切な人との時間を、意識して楽しんでください。,"見かけの幸せに隠れた、本音のズレがあります。
話してみてください。",家族の不和・理想と現実のギャップ。,本音を話すことが、本当の幸福へのショートカットです。,今日は「言えていない本音」を一つ、誰かに話してみてください。,cups/Cups_10_Ten,心の完成を感じやすいときです。,分かち合う幸せを、受け取れているか。,今ある幸せを大切に。,理想と現実のズレを感じています。,表面的な調和に無理がないか。,本音を共有して。,幸福と調和へ向かっています。,関係性が揺れやすい流れです。
sword_6,minor,swords,6,ソードの6,Six of Swords,風,陰,Yes,保留,移行,移動|回復|距離,移動|回復|距離|移行|整理|前進|静けさ|通過|癒し,逃避|未練|停滞|感情抑圧|後戻り|不安|躊躇|中途半端|葛藤|迷走,"嵐を抜けて、穏やかな水面に出ています。
移行の時が来ました。",これまで、思考や対立による疲労が続いてきました。,今は、心を守るために距離を取り、移行する地点にいます。,静かな回復が進み、次第に思考も落ち着いていくでしょう。,移行・回復・より穏やかな場所へ。,行くべき場所があります。今より平和な未来へ、歩み始めてください。,今日は「次に向かいたい場所」を一つ決めてください。,動けない・または移行への抵抗があります。,停滞・変化への抵抗・長引く困難。,今いる場所が、全てではありません。動いていい。,今日は「変わることへの恐れ」の正体を一つ、書き出してみてください。,swords/Swords_06_Six,静かな移行のときです。,心を守るための距離を取れているか。,穏やかな方向を選んで。,過去に引き戻され、前に進めません。,未解決の感情を残していないか。,整理してから進んで。,回復と移動へ向かっています。,移行が停滞しやすい流れです。
sword_7,minor,swords,7,ソードの7,Seven of Swords,風,陽,No,No,警戒,策略|隠し事|回避,策略|隠し事|回避|秘密|単独行動|ずるさ|疑念|警戒|自己保身,露見|罪悪感|不信|混乱|後悔|孤立|誤解|対立|破綻|不安,"誰かが、あなたを欺こうとしているかもしれません。
または、あなた自身が自分を偽っていませんか？",これまで、対立や緊張を避けようとしてきました。,今は、ずるさと防衛の間で揺れる地点にいます。,誠実さを選ぶことで、後の混乱は小さく抑えられるでしょう。,策略・欺き・裏口からの解決策。,正直であることが、最も賢い戦略です。,今日は「後ろめたさを感じていること」を一つ、正直に直視してください。,"嘘が暴かれつつあります。
自分から打ち明ける勇気を。",欺きの暴露・正直さへの回帰・逃走からの返還。,正直に戻ることは、恥ずかしいことではありません。勇気があることです。,今日、「本当のことを言う」機会を一つ作ってください。,swords/Swords_07_Seven,慎重さが必要です。,隠している本音が、負担になっていないか。,誠実さを確認して。,隠し事が表に出やすい状態です。,正直さを避けていないか。,誠実な選択を。,警戒と見極めへ向かっています。,真実が明らかになる流れです。
sword_8,minor,swords,8,ソードの8,Eight of Swords,風,陰,No,No,停滞,制限|思い込み|束縛,制限|思い込み|束縛|自己否定|不安|恐れ|視野狭窄|閉塞|固定観念,解放|気づき|視点転換|自由|再選択|自信回復|突破|可能性|理解|勇気,"縛られているのは、あなた自身の思い込みかもしれません。
目隠しを外してみてください。",これまで、不安や恐れを抱え続けてきました。,今は、思考の罠に気づくための地点にいます。,気づきが生まれれば、状況は一気に緩み始めるでしょう。,束縛・思い込みによる制限・無力感。,あなたを縛っているものの多くは、実はあなたの思い込みです。,今日、「できないと思っていること」を一つ、本当にできないか試してみてください。,"解放が始まっています。
一つ一つ、縛りが解けていきます。",自由への回帰・思い込みからの解放。,あなたは、自分が思っているより自由です。,今日は「自分を縛っていたルール」を一つ破ってみてください。,swords/Swords_08_Eight,思い込みに縛られています。,自分で制限を強めていないか。,視点を一つ変えてみて。,制限から抜け出す兆しがあります。,思い込みに気づけているか。,視点を変えて。,気づきと解放へ向かっています。,解放が始まる流れです。
sword_9,minor,swords,9,ソードの9,Nine of Swords,風,陰,No,No,不安,不安|後悔|恐怖,不安|後悔|恐怖|罪悪感|心配|悪夢|思考過多|自責|苦悩,軽減|安心|許し|休息|共有|現実確認|癒し|受容|回復|希望,"夜中の恐れは、朝になれば必ず小さくなります。
今夜だけ、乗り越えられます。",これまで、心配や自責の念を溜め込んできました。,今は、不安が表面化し、向き合う地点にいます。,共有と休息によって、思考は少しずつ落ち着いていくでしょう。,不安・悪夢・最悪の想定。,あなたが思い描いている最悪は、ほとんど起きません。今夜は、ただ休んでください。,今日は心配を書き出して、「それは本当に起きるか？」と自問してください。,"長夜が明けようとしています。
不安の山を、少しずつ降りてきています。",不安からの解放・希望の回復。,最悪の夜は過ぎました。ここから、少しずつ楽になれます。,今日は「以前よりよくなったこと」を一つ、書き留めてください。,swords/Swords_09_Nine,不安が強まりやすいときです。,思考が恐れを膨らませていないか。,言葉にして共有して。,不安が和らぎ始めています。,一人で抱え込んでいないか。,誰かに話して。,安心への回復へ向かっています。,回復へ向かう流れです。
sword_10,minor,swords,10,ソードの10,Ten of Swords,風,陽,No,No,終焉,終焉|限界|崩壊,終焉|限界|崩壊|裏切り|痛み|停止|区切り|底|リセット,再生|回復|夜明け|立ち直り|再出発|解放|回復力|転換|希望|再構築,"この痛みは、本当の終わりを意味します。
ここより低い場所は、もうありません。上がるしかない。",これまで、多くの痛みや失望を抱えてきました。,今は、完全な区切りと終焉を迎える地点にいます。,夜明けは必ず訪れ、回復と再出発が始まるでしょう。,最終的な終わり・痛みの頂点・崩壊。でも、ここが底。,全て終わりました。次に来るのは、再生だけです。,今日は「これは終わった」と認める勇気を持ってください。終わりが、始まりです。,"最悪の底から、這い上がる力が戻っています。
あとは、上がるだけです。",回復・生き延び・新しい夜明け。,あなたはここまで生き延びました。その事実だけで、あなたは十分に強い。,今日は「ここから始める」という宣言を、心の中でしてみてください。,swords/Swords_10_Ten,完全な区切りのときです。,限界を、きちんと認められているか。,対等さを意識して。,再生への兆しが見えています。,終わりを受け入れられているか。,ゆっくり立て直して。,終焉と再出発へ向かっています。,回復と再出発の流れです。
pentacle_6,minor,pentacles,6,ペンタクルの6,Six of Pentacles,地,陰,Yes,Yes,循環,分配|援助|公平,分配|援助|公平|循環|支援|受給|バランス|思いやり|寛容,不公平|依存|偏り|支配|上下関係|見返り|搾取|不満|不均衡|負担,"与えることと受け取ることの、美しい循環の中にいます。
惜しまずに、与えてください。",これまで、支える側・支えられる側の経験を重ねてきました。,今は、循環の中で公平さを確認する地点にいます。,健やかなやり取りが、安定した関係と信頼を育てていくでしょう。,寛大さ・贈り物・公正な交換。,与えれば与えるほど、あなたに戻ってきます。宇宙の法則です。,今日、誰かに何かを「見返りなく」与えてください。,"不公平な交換・与えすぎか、受け取らなさすぎか。
バランスを見直してください。",不均衡・依存・条件付きの愛情。,受け取ることも、愛の一形態です。拒まないで。,今日は「受け取る練習」をしてみてください。感謝だけ言う、受け取るだけにする。,pentacles/Pentacles_06_Six,循環が整いやすいときです。,与える・受け取るの偏りはないか。,公平と支援へ向かっています。,与える・受け取るが偏っています。,不公平を感じていないか。,対等さを意識して。,公平と支援へ向かっています。,不均衡が続きやすい流れです。
pentacle_7,minor,pentacles,7,ペンタクルの7,Seven of Pentacles,地,陰,保留,No,停滞,忍耐|評価|待機,忍耐|評価|待機|成長|途中経過|見直し|投資|時間|積み重ね,焦り|失望|放棄|短期思考|無価値感|疲労|迷い|停滞感|疑念|後悔,"種を蒔き、水をやり続けた後には、必ず実がなります。
今は待つ時です。",これまで、現実的な努力を重ねてきました。,今は、進捗を確認し、評価する地点にいます。,忍耐を続けることで、成果はゆっくり形になっていくでしょう。,忍耐・評価・長期的な成長。,見えなくても、育っています。信じて待ってください。,今日は「続けてきたこと」の進捗を静かに確認してみてください。,"努力が実らないと感じています。
やり方を変える時かもしれません。",未完成・方向の見直し・報われない努力。,努力の方向が、少しずれているだけです。,今日は「頑張っている方法」を一度見直してみてください。,pentacles/Pentacles_07_Seven,途中経過を見直すときです。,結果を急ぎすぎていないか。,育成の時間を信頼して。,努力が報われず、焦りが出ています。,途中で諦めかけていないか。,評価軸を見直して。,忍耐と評価へ向かっています。,停滞感が強まりやすい流れです。
pentacle_8,minor,pentacles,8,ペンタクルの8,Eight of Pentacles,地,陰,Yes,Yes,集中,技能|努力|習熟,技能|努力|習熟|集中|継続|精進|実務|鍛錬|向上,単調|過集中|孤立|視野狭窄|疲弊|完璧主義|硬直|偏り|消耗|義務,"丁寧に、一つ一つ積み上げています。
その職人気質が、本物の力になります。",これまで、学びや実践を積み重ねてきました。,今は、集中して磨き上げる地点にいます。,努力は確実に形となり、評価につながっていくでしょう。,熟練・努力・職人技の向上。,あなたの丁寧さは、必ず形になります。続けてください。,今日は、一つのことを「丁寧に」仕上げることに集中してください。,"完璧主義が、進歩を妨げています。
完璧でなくても、前に進んでいい。",過度な完璧主義・近道の誘惑・スキルの無駄遣い。,完璧より完了。今日できることをやり終えれば、それで十分です。,今日は「80%で完了」させることを許してください。,pentacles/Pentacles_08_Eight,集中と鍛錬が力になります。,丁寧さを、保てているか。,環境を整えて集中を。,頑張りすぎて疲弊しています。,完璧を求めすぎていないか。,力を抜いて。,技能向上へ向かっています。,消耗が溜まりやすい流れです。
pentacle_9,minor,pentacles,9,ペンタクルの9,Nine of Pentacles,地,陰,Yes,Yes,充足,自立|豊かさ|洗練,自立|豊かさ|洗練|安心|成熟|余裕|自己価値|安定|満足,孤立|浪費|虚栄|依存回避|寂しさ|過信|距離|自己完結|不安|偏り,"あなたは今、自分の力で豊かさを作り上げています。
その独立性を、誇ってください。",これまで、地道な努力と自立を重ねてきました。,今は、安心と成熟を実感する地点にいます。,余裕ある状態が、さらに良い循環を呼び込むでしょう。,独立・豊かさ・自己充足。,あなたは自分で豊かさを作れる人です。それはとても素晴らしいことです。,今日は「自分で達成したこと」を一つ、自分に誇ってください。,外側の豊かさに、心の豊かさがついてきていませんか？,物質主義・孤立・失われた豊かさ。,本当の豊かさは、心の中にあります。,今日は「お金では買えないもの」で幸せを感じてみてください。,pentacles/Pentacles_09_Nine,自立と余裕を感じられます。,ここまでの成果を、受け取れているか。,自立と余裕を感じられます。,自立が孤立に変わっています。,頼ることを避けていないか。,分かち合って。,もしよければ、自分を讃えて。,孤独感が強まりやすい流れです。
pentacle_10,minor,pentacles,10,ペンタクルの10,Ten of Pentacles,地,陰,Yes,Yes,完成,安定|継承|完成,安定|継承|完成|家族|基盤|繁栄|長期|安心|共有,固定化|保守|惰性|重圧|形式化|自由不足|閉塞|義務|停滞|変化拒否,"長年の努力と愛が、今、大きな豊かさとして花開いています。
家族・財産・伝統。すべてが揃っています。",これまで、現実的な基盤作りを続けてきました。,今は、完成と継承を迎える地点にいます。,安定した基盤の上で、次の循環が穏やかに始まるでしょう。,家系の豊かさ・長期的な成功・遺産。,あなたが築いてきたものは、次の世代へと続きます。誇りを持って。,今日は「未来の自分や家族のために」何か一つ、投資してください。,表面的な豊かさの裏に、家族や関係の問題が潜んでいませんか？,家族の問題・財政的な不安・遺産を巡る争い。,お金よりも、関係を大切に。それが本当の豊かさです。,今日は大切な人と、お金のことではなく「気持ち」について話してみてください。,pentacles/Pentacles_10_Ten,今は、長期的な安定が完成します。,積み重ねを、誇れているか。,安心を味わって。,安定が重荷になっています。,形式に縛られていないか。,柔軟さを取り戻して。,完成と継承へ向かっています。,停滞が起きやすい流れです。
wand_page,minor,wands,page,ワンドのペイジ,Page of Wands,火,陽,Yes,保留,始動,好奇心|兆し|探求,好奇心|兆し|探求|情熱|学び|可能性|柔軟|直感|若さ,未熟|不安定|気まぐれ|集中欠如|空回り|飽き|自信不足|迷走|軽率|継続不可,"あなたの中で、新しいアイデアが燃え上がっています。
その熱さを、信じてください。",これまで、刺激や変化を求める気持ちが高まってきました。,今は、情熱の兆しに気づき、探求を始める地点にいます。,経験を重ねることで、情熱は徐々に確かな方向性を持つでしょう。,熱狂・探求・新しい情熱の発見。,あなたの好奇心が、道を作ります。,今日、「やってみたいこと」を一つ試してください。上手くなくていい。,"熱しやすく冷めやすい状態です。
一つのことに焦点を当てることで、力が生まれます。",気まぐれ・注意散漫・無謀。,エネルギーは本物です。ただ、方向を一つに絞ってみて。,今日は「一番やりたいこと」を一つだけ選んで、それだけに集中してください。,wands/Wands_11_Page,好奇心が芽生えています。,興味の種を、否定せずに見られているか。,試すつもりで触れてみて。学びの段階です。,好奇心が散り、方向を失っています。,興味が移り変わりすぎていないか。,一つに絞り、落ち着いて向き合って。,探求の始まりへ向かっています。,探求が定まらず、停滞しやすい流れです。
wand_knight,minor,wands,knight,ワンドのナイト,Knight of Wands,火,陽,Yes,No,加速,行動|衝動|冒険,行動|衝動|冒険|情熱|挑戦|勢い|前進|大胆|変化,無謀|短気|不安定|衝突|計画不足|飽き|暴走|中断|軽率|疲労,"全力疾走の時です。
今こそ、情熱のすべてを行動に注いでください。",これまで、動き出したい衝動を抑えてきました。,今は、情熱を行動へと変える地点にいます。,勢いを活かせば、状況は一気に前へ進むでしょう。,行動・冒険・果敢な挑戦。,あなたのエネルギーは、今が最高潮。迷わず走れ。,今日、「大胆な一手」を一つ打ってください。,"勢いが強すぎて、周囲が見えていませんか？
一度ブレーキを踏んで。",無謀・衝動的・傲慢。,速さより、正確さを。今日は少しだけゆっくり進んでください。,今日は行動する前に「これは本当に今やるべきか」を一つ確認してください。,wands/Wands_12_Knight,情熱が行動に変わります。,勢いだけで、周囲を置き去りにしていないか。,直感を活かしつつ方向確認を。,衝動が先走り、空回りしています。,勢いだけで動いていないか。,速度を落とし、意図を確認して。,加速と挑戦へ向かっています。,行動が不安定になりやすい流れです。
wand_queen,minor,wands,queen,ワンドのクイーン,Queen of Wands,火,陽,Yes,Yes,安定,自信|魅力|表現,自信|魅力|表現|情熱|存在感|創造|温かさ|主体性|信頼,嫉妬|支配|感情過多|不安定|承認欲求|過干渉|疲労|自己疑念|孤立|過信,"あなたの情熱と温かさが、人を引き寄せています。
そのカリスマを、大切に使ってください。",これまで、経験を通して自分の力を育ててきました。,今は、情熱を安定した形で発揮する地点にいます。,あなたの魅力が、周囲を勇気づける存在となるでしょう。,カリスマ・自信・創造的リーダーシップ。,あなたがいるだけで、場が明るくなります。その力を使ってください。,今日は「自分らしく輝く」場面を一つ意識的に作ってください。,"自信が揺らいでいますか？
本来の輝きが、少し陰っています。",自信喪失・支配的・嫉妬。,あなたの輝きは本物です。誰かと比べなくていい。,今日は「自分だけの長所」を一つ書き出してみてください。,wands/Wands_13_Queen,自信と魅力が自然に表れています。,無理に証明しようとしていないか。,堂々と振る舞って。あなたの熱は伝わります。,自信が揺らぎ、承認を求めがちです。,無理に明るく振る舞っていないか。,自然体に戻ることを意識して。,表現と信頼へ向かっています。,魅力が内向きになりやすい流れです。
wand_king,minor,wands,king,ワンドのキング,King of Wands,火,陽,Yes,Yes,統率,統率|ビジョン|指導,統率|ビジョン|指導|情熱|決断|影響力|創造|責任|展望,独裁|傲慢|短気|支配|理想過多|現実軽視|孤立|圧力|疲弊|頑固,"あなたには、ビジョンを現実にする力があります。
指揮してください。",これまで、情熱と経験を積み重ねてきました。,今は、全体を見渡し、方向性を示す地点にいます。,明確なビジョンが、多くの人を前進させるでしょう。,リーダーシップ・ビジョン・権威。,あなたの決断が、流れを作ります。迷わず、判断してください。,今日は「決めること」を一つ、リーダーとして判断してください。,"リーダーシップが、コントロールになっていませんか？
人を動かすのではなく、人が動きたくなる環境を。",独裁・傲慢・支配的。,本当のリーダーは、人を信頼して任せます。今日、何かを委ねてみて。,今日は「一つ委ねること」を選んでください。,wands/Wands_14_King,ビジョンを示す立場です。,全体像を見て、方向性を語れているか。,信頼して任せて。統率は分かち合えます。,支配的になり、視野が狭まっています。,独断で進めていないか。,人の意見を取り入れて。,統率と展望へ向かっています。,統率が不安定になりやすい流れです。
cup_page,minor,cups,page,カップのペイジ,Page of Cups,水,陰,Yes,保留,兆し,感受性|直感|芽生え,感受性|直感|芽生え|純粋|優しさ|想像力|心の声|柔らかさ|共感,幼さ|不安定|現実逃避|依存|傷つきやすさ|気まぐれ|混乱|未熟|自己否定|揺れ,"感情が詩になっています。
その繊細さが、今のあなたの才能です。",これまで、感情を抑えたり、後回しにしてきた場面がありました。,今は、心の声に耳を傾け、感情の芽に気づく地点にいます。,感受性を大切に育てることで、優しい流れが広がっていくでしょう。,感受性・創造性・新しい感情的な始まり。,あなたの感じる力は、ギフトです。恥ずかしがらなくていい。,今日、感じたことを何でも書き留めてみてください。詩でも、言葉でも。,感情的すぎて、現実が見えなくなっていませんか？,感情的不成熟・夢想・現実逃避。,感情は大切。でも、時に地に足をつける必要もあります。,今日は感じたことを、行動に一つ繋げてみてください。,cups/Cups_11_Page,感受性が開いています。,繊細な気持ちを、否定せず受け取れているか。,感じたままを大切にして。,感情が不安定で揺れやすい状態です。,気分に振り回されていないか。,感情を書き出して整理して。,感情の芽生えへ向かっています。,感情の混乱が続きやすい流れです。
cup_knight,minor,cups,knight,カップのナイト,Knight of Cups,水,陰,Yes,Yes,進展,理想|表現|ロマンス,理想|表現|ロマンス|感情|献身|提案|共感|想い|行動,現実逃避|依存|期待過多|空想|不安定|失望|感情過多|未熟|迷走|幻滅,"愛を届けに行く時です。
心に従って、動いてください。",これまで、内に秘めた想いを温めてきました。,今は、感情を行動に移し、伝える地点にいます。,誠実な想いは、相手の心に静かに届いていくでしょう。,ロマンス・魅力・感情的な提案。,感じているなら、伝えてください。タイミングは今です。,今日、誰かへの気持ちを行動で示してください。,感情に流されすぎて、不安定になっていませんか？,衝動的・詐欺的・失望。,気持ちは本物でも、タイミングや方法が大切です。,今日は「本当にこの感情は正しいか」を一度確認してから行動してください。,cups/Cups_12_Knight,想いが動き始めています。,理想に偏りすぎて、現実を見失っていないか。,想いを言葉にして。,理想に溺れ、現実が見えにくくなっています。,期待を膨らませすぎていないか。,現実的な視点を取り戻して。,関係性の進展へ向かっています,関係性が停滞しやすい流れです。
cup_queen,minor,cups,queen,カップのクイーン,Queen of Cups,水,陰,Yes,Yes,安定,共感|受容|慈愛,共感|受容|慈愛|理解|癒し|包容|直感|思いやり|安心,過干渉|依存|自己犠牲|疲弊|境界不明|感情過多|不安|消耗|孤立|混乱,"あなたの共感力が、人の心に届いています。
その深い愛を、惜しみなく使ってください。",これまで、感情を通して多くの学びを重ねてきました。,今は、感情を安定した形で受け止める地点にいます。,あなたの存在が、周囲に安心と癒しをもたらすでしょう。,直感・共感・感情的な知性。,あなたは人の心が見えています。その力で、誰かを助けてください。,今日、誰かの話を心で聴いてください。アドバイスより、共感を。,"感情に溺れていませんか？
または、感情を抑圧しすぎていませんか？",共依存・感情的操作・不安定。,自分の感情も、大切にしてください。人のためだけでなく。,今日は「自分の感情」に向き合う時間を作ってください。,cups/Cups_13_Queen,深い共感が力になります。,自分の感情と、他人の感情を分けて感じられているか。,境界を保ちながら寄り添って。,感情を抱え込み、消耗しています。,他人を優先しすぎていないか。,自分の心を先に満たして。,理解と包容へ向かっています。,共感が負担になりやすい流れです。
cup_king,minor,cups,king,カップのキング,King of Cups,水,陰,Yes,Yes,統合,感情統合|成熟|安定,感情統合|成熟|安定|包容|冷静|信頼|判断|調和|支え,抑圧|感情遮断|冷淡|距離|不表現|内圧|孤立|緊張|疲弊|誤解,"感情と知性が融合しています。
その成熟した愛が、周囲を包んでいます。",これまで、多くの感情経験を乗り越えてきました。,今は、感情を統合し、安定した立場に立つ地点にいます。,あなたの冷静さと優しさが、周囲を安心させるでしょう。,感情的な成熟・知恵・バランスの取れた愛情。,あなたは感情と理性を、上手に使い分けられます。それが本当の強さです。,今日は感情を使いながらも、冷静な判断を一つしてください。,"感情を抑えすぎて、冷たく見られていませんか？
または、感情的に不安定ですか？",感情的な操作・感情の抑圧・不均衡。,感情を信頼することと、流されることは違います。,今日は「心と頭、どちらが言っているか」を区別しながら決断してください。,cups/Cups_14_King,感情の安定が周囲を支えます。,冷静さの裏で、感情を抑えすぎていないか。,穏やかに本音を伝えて。,感情を抑え込み、距離が生まれています。,本音を閉じ込めていないか。,信頼できる相手に話して。,成熟と信頼へ向かっています。,感情の分断が起きやすい流れです。
sword_page,minor,swords,page,ソードのペイジ,Page of Swords,風,陽,Yes,保留,兆し,好奇心|思考|観察,好奇心|思考|観察|学び|情報|問い|言葉|警戒|柔軟,軽率|過敏|疑念|不安定|噂|詮索|集中欠如|混乱|警戒過多|落ち着き不足,"鋭い観察眼が、真実を捉えています。
その洞察を、声に出してください。",これまで、状況を理解しようと考え続けてきました。,今は、思考の芽が育ち、情報を集める地点にいます。,学びを重ねることで、判断力は次第に安定していくでしょう。,好奇心・鋭さ・新しいアイデア。,あなたが見えているものは正しい。怖れず、言葉にしてください。,今日、「気になっていること」を調べて、一つ学んでください。,"言葉が刃になっていませんか？
鋭さは、優しさと共に使ってください。",情報の悪用・批判的・詮索。,知識は武器ではなく、橋です。,今日は批判する前に、一つ褒めてみてください。,swords/Swords_11_Page,知的好奇心が高まっています。,情報を集める一方で、混乱していないか。,要点を一つに絞って。,思考が散り、疑念が強まっています。,情報に振り回されていないか。,事実と想像を切り分けて。,学習と観察へ向かっています。,混乱が長引きやすい流れです。
sword_knight,minor,swords,knight,ソードのナイト,Knight of Swords,風,陽,Yes,No,加速,主張|行動|直進,主張|行動|直進|決断|速さ|論理|突破|勢い|意志,攻撃的|独断|無配慮|衝突|短気|強引|誤解|孤立|暴走|疲労,"今すぐ行動に移してください。
考えながら動く、それがあなたの戦い方です。",これまで、考え続け、動く機会を待ってきました。,今は、思考を行動に変え、突き進む地点にいます。,適切なスピード調整ができれば、大きな突破口となるでしょう。,大胆さ・直接的・論理的行動。,あなたの判断は速い。その速さを、今使ってください。,今日、「やろうと思っていたこと」を今すぐ始めてください。,"攻撃的になりすぎていませんか？
言葉や行動が、傷つけていませんか？",衝動的・傲慢・無謀。,速さより、正確さを。今日は一度止まって、方向を確かめてください。,今日は「言う前に考える」練習を意識してください。,swords/Swords_12_Knight,決断と行動が速まります。,正しさを急ぎすぎて、衝突を招いていないか。,一呼吸おいてから進んで。,言葉や行動が攻撃的になっています。,正しさを押しつけていないか。,一呼吸置いて考えて。,突破と主張へ向かっています。,衝突が起こりやすい流れです。
sword_queen,minor,swords,queen,ソードのクイーン,Queen of Swords,風,陽,Yes,Yes,安定,明晰|誠実|判断,明晰|誠実|判断|知性|率直|公平|境界|洞察|独立,冷淡|批判的|孤立|厳しさ|感情遮断|距離|誤解|防衛|疲労|硬直,"あなたの言葉は、真実を切り取ります。
その明晰さを、思いやりと共に使ってください。",これまで、多くの経験から判断力を磨いてきました。,今は、知性と誠実さを安定して使える地点にいます。,公平な判断が、状況をクリアに整えていくでしょう。,明晰さ・独立・直接的なコミュニケーション。,あなたは本質を見抜きます。その洞察は、誰かを助けられます。,今日、曖昧にしていたことを「はっきり」伝えてください。,"鋭さが、冷たさになっていませんか？
または、孤立していませんか？",冷淡さ・孤立・苦い言葉。,知性は温かさと共にある時、最も輝きます。,今日は「正しいこと」より「優しいこと」を一つ選んでみてください。,swords/Swords_13_Queen,明晰さと客観性が際立ちます。,厳しさが、距離を生んでいないか。,思いやりを言葉に添えて。,厳しさが前に出て、孤立しやすい状態です。,批判的になりすぎていないか。,柔らかい表現を選んで。,判断と知性へ向かっています。,対話が冷えやすい流れです。
sword_king,minor,swords,king,ソードのキング,King of Swords,風,陽,Yes,Yes,統率,統率|知性|戦略,統率|知性|戦略|公平|判断|権威|秩序|論理|全体視野,独裁|冷酷|理屈過多|支配|柔軟性欠如|感情無視|孤立|圧力|硬直|疲弊,"あなたには、真実を見極め、公正に判断する力があります。
その力を、正しく使ってください。",これまで、多くの決断と責任を担ってきました。,今は、全体を見渡し、方向性を示す地点にいます。,明確な戦略と判断が、長期的な安定をもたらすでしょう。,公正さ・知性・権威ある判断。,あなたの判断は正しい。信念を持って、決断してください。,今日は「論理的に正しい判断」を一つしてください。感情は後回しに。,"権力を悪用していませんか？
または、知性が冷淡さに変わっていませんか？",冷酷さ・権威主義・操作。,本当の知性は、人を傷つけません。,今日は「自分の判断が誰かを傷つけていないか」確認してください。,swords/Swords_14_King,論理と秩序を示す役割です。,理屈が、感情を置き去りにしていないか。,公平さを保って決めて。,理屈に偏り、心が置き去りになっています。,支配的な判断になっていないか。,感情の声も拾って。,統治と決断へ向かっています。,判断の偏りが出やすい流れです。
pentacle_page,minor,pentacles,page,ペンタクルのペイジ,Page of Pentacles,地,陰,Yes,保留,学び,学習|基礎|現実,学習|基礎|現実|計画|着実|誠実|成長|実践|可能性,怠慢|無計画|集中欠如|飽き|先延ばし|未熟|現実逃避|不安|停滞|疑念,"学ぶことへの情熱が、新しい道を開いています。
一歩ずつ、着実に。",これまで、現実的な準備や関心が芽生えてきました。,今は、基礎を学び、実践を始める地点にいます。,継続することで、確かな力と信頼が育っていくでしょう。,勉強・探求・実践的な学習。,今学んでいることは、必ず将来の力になります。,今日、「学びたいこと」の最初のステップを踏み出してください。,"学ぶことへの集中力が散漫になっていますか？
または、現実逃避としての学習になっていませんか？",学習の停滞・実行への恐れ・知識の蓄積のみ。,知識は使ってこそ意味があります。学んだことを一つ、行動に移してみて。,今日は「知っているのにやっていないこと」を一つ実践してください。,pentacles/Pentacles_11_Page,現実的な学びが始まっています。,基礎を、丁寧に扱えているか。,コツコツ続けて。,集中力が続かず、学びが停滞しています。,基礎を軽視していないか。,小さな一歩に戻って。,習得と基盤へ向かっています。,成長が遅れやすい流れです。
pentacle_knight,minor,pentacles,knight,ペンタクルのナイト,Knight of Pentacles,地,陰,Yes,No,継続,継続|責任|努力,継続|責任|努力|忍耐|着実|信頼|堅実|安定|遂行,停滞|頑固|融通不足|単調|遅延|変化拒否|疲労|保守|惰性|閉塞,"遅くても、着実に進み続けています。
その誠実さが、本物の成果を生みます。",これまで、地道な努力を重ねてきました。,今は、責任を持って継続する地点にいます。,誠実な姿勢が、長期的な安定と評価をもたらすでしょう。,忍耐・堅実・着実な進歩。,ゆっくりでいい。あなたのペースが、正しいペースです。,今日は「一つのことを丁寧に完了させる」ことだけを意識してください。,"完璧主義か、単調さへの飽きか。
止まっているなら、理由を探してみて。",停滞・完璧主義・退屈。,動き始めることが大切。完璧より、動いていること。,今日は「ずっと止まっていること」を5分だけでも動かしてください。,pentacles/Pentacles_12_Knight,継続が最大の力になります。,惰性にならず、意味を保てているか。,同じ歩幅で続けて。,惰性で続け、目的を見失っています。,続ける意味を忘れていないか。,方法を見直して。,持続と信頼へ向かっています。,停滞が長引きやすい流れです。
pentacle_queen,minor,pentacles,queen,ペンタクルのクイーン,Queen of Pentacles,地,陰,Yes,Yes,安定,育成|安心|実り,育成|安心|実り|現実力|思いやり|管理|豊かさ|支え|調和,過保護|依存|疲弊|自己犠牲|管理過多|不安|境界不明|消耗|孤立|執着,"あなたは、日常の中に豊かさを作り出せます。
その実践的な愛が、人を温めています。",これまで、現実的な経験と配慮を積み重ねてきました。,今は、実りを育て、安定を保つ地点にいます。,あなたの存在が、安心と豊かさを広げていくでしょう。,実践的な愛・豊かさ・家庭的な知恵。,あなたの「当たり前の世話」が、誰かにとって一番大切な愛です。,今日は大切な誰かのために、実際的な何かをしてあげてください。,"与えすぎて、自分が枯れています。
自分の豊かさも、大切に。",物質への不安・自己犠牲・ケアの欠如。,自分の庭も、水をあげてください。,今日は「自分のために」何か一つ、贅沢をしてください。,pentacles/Pentacles_13_Queen,安心感が周囲に広がります。,世話を焼きすぎて、自分を後回しにしていないか。,自分の快適さも守って。,与えすぎて疲れが溜まっています。,自分の余裕を削っていないか。,自分の安心を優先して。,安定と育成へ向かっています。,消耗が続きやすい流れです。
pentacle_king,minor,pentacles,king,ペンタクルのキング,King of Pentacles,地,陰,Yes,Yes,完成,安定|統治|繁栄,安定|統治|繁栄|成功|責任|信頼|管理|実現|基盤,物質主義|支配|保守過多|柔軟性欠如|惰性|停滞|孤立|重圧|執着|変化拒否,"あなたは豊かさを、確実に現実にする力を持っています。
その安定感が、周囲を支えています。",これまで、現実的な努力と成果を積み上げてきました。,今は、基盤を完成させ、統率する地点にいます。,安定した判断が、周囲と未来を豊かに支えていくでしょう。,物質的な成功・実績・安定したリーダーシップ。,あなたが築いてきたものは、本物です。誇りを持ってください。,今日は「長期的な目標」に向かって、一つ具体的な行動をとってください。,"お金や地位にこだわりすぎていませんか？
大切なものを見失っていませんか？",物質主義・頑固さ・腐敗。,本当の豊かさは、関係と愛から来ます。,今日は「お金より大切なもの」を一つ、大切にしてください。,pentacles/Pentacles_14_King,現実的な完成を体現しています。,成果を、独り占めしていないか。,分かち合って循環を。,安定に固執し、変化を拒んでいます。,守りに入りすぎていないか。,柔軟さを取り戻して。,成功と継承へ向かっています。,発展が止まりやすい流れです。
,,,,,,,,,,,,,,,,,,,,,,,,,,,,,,,,,
,,,,,,,,,,,,,,,,,,,,,,,,,,,,,,,,,
,,,,,,,,,,,,,,,,,,,,,,,,,,,,,,,,,
,,,,,,,,,,,,,,,,,,,,,,,,,,,,,,,,,
,,,,,,,,,,,,,,,,,,,,,,,,,,,,,,,,,
,,,,,,,,,,,,,,,,,,,,,,,,,,,,,,,,,
